customer_id,full_name,phone_number,city,registration_date
1,Customer_1,218989942405,Tripoli,2025-05-14 14:22:56.648134
2,Customer_2,218950718467,Benghazi,2025-05-20 14:22:56.648147
3,Customer_3,218922020576,Benghazi,2025-05-02 14:22:56.648152
4,Customer_4,218971448645,Misrata,2025-11-30 14:22:56.648156
5,Customer_5,218934264239,Sabha,2026-01-04 14:22:56.648163
6,Customer_6,218929216939,Benghazi,2025-10-28 14:22:56.648167
7,Customer_7,218915189241,Tripoli,2025-07-21 14:22:56.648170
8,Customer_8,218971317716,Benghazi,2025-10-02 14:22:56.648174
9,Customer_9,218985643256,Benghazi,2025-09-12 14:22:56.648177
10,Customer_10,218926808588,Tripoli,2025-09-18 14:22:56.648180
11,Customer_11,218918634197,Benghazi,2025-08-04 14:22:56.648183
12,Customer_12,218977013349,Misrata,2025-03-05 14:22:56.648186
13,Customer_13,218975493519,Misrata,2025-06-04 14:22:56.648188
14,Customer_14,218933881090,Misrata,2025-08-23 14:22:56.648190
15,Customer_15,218947269360,Sabha,2025-05-06 14:22:56.648193
16,Customer_16,218940783836,Misrata,2025-09-05 14:22:56.648195
17,Customer_17,218955316444,Benghazi,2025-09-16 14:22:56.648197
18,Customer_18,218916261480,Benghazi,2025-04-16 14:22:56.648198
19,Customer_19,218931357434,Sabha,2025-05-08 14:22:56.648200
20,Customer_20,218995298584,Misrata,2025-12-14 14:22:56.648202
21,Customer_21,218991119177,Misrata,2026-02-14 14:22:56.648211
22,Customer_22,218994297071,Misrata,2025-12-23 14:22:56.648213
23,Customer_23,218982951621,Misrata,2025-03-07 14:22:56.648215
24,Customer_24,218958305496,Benghazi,2025-07-07 14:22:56.648217
25,Customer_25,218958665765,Benghazi,2025-09-20 14:22:56.648219
26,Customer_26,218957968896,Sabha,2025-07-16 14:22:56.648221
27,Customer_27,218984245850,Tripoli,2025-06-30 14:22:56.648223
28,Customer_28,218926541573,Misrata,2026-01-29 14:22:56.648225
29,Customer_29,218967287307,Tripoli,2025-10-23 14:22:56.648227
30,Customer_30,218963137858,Benghazi,2025-12-10 14:22:56.648230
31,Customer_31,218938796064,Misrata,2025-04-20 14:22:56.648231
32,Customer_32,218921696137,Tripoli,2025-04-27 14:22:56.648233
33,Customer_33,218983140527,Misrata,2025-10-12 14:22:56.648235
34,Customer_34,218950845529,Tripoli,2025-06-03 14:22:56.648237
35,Customer_35,218996738445,Misrata,2025-04-29 14:22:56.648239
36,Customer_36,218971986890,Benghazi,2025-08-08 14:22:56.648241
37,Customer_37,218954608580,Benghazi,2025-09-23 14:22:56.648243
38,Customer_38,218929956127,Sabha,2025-06-15 14:22:56.648245
39,Customer_39,218919683619,Benghazi,2025-05-06 14:22:56.648247
40,Customer_40,218941839315,Misrata,2025-06-20 14:22:56.648248
41,Customer_41,218984465706,Sabha,2025-06-13 14:22:56.648251
42,Customer_42,218932680646,Tripoli,2025-09-11 14:22:56.648253
43,Customer_43,218925653853,Tripoli,2025-07-06 14:22:56.648255
44,Customer_44,218972690487,Benghazi,2025-11-07 14:22:56.648257
45,Customer_45,218932949518,Sabha,2025-09-30 14:22:56.648259
46,Customer_46,218956322828,Benghazi,2025-06-13 14:22:56.648261
47,Customer_47,218978032881,Sabha,2025-04-11 14:22:56.648262
48,Customer_48,218946853846,Tripoli,2025-04-15 14:22:56.648264
49,Customer_49,218940012613,Sabha,2025-12-21 14:22:56.648266
50,Customer_50,218949814380,Benghazi,2025-10-29 14:22:56.648268
51,Customer_51,218991546034,Tripoli,2025-08-23 14:22:56.648269
52,Customer_52,218995754025,Sabha,2025-11-27 14:22:56.648271
53,Customer_53,218927450797,Tripoli,2026-01-27 14:22:56.648273
54,Customer_54,218940054127,Benghazi,2025-03-25 14:22:56.648276
55,Customer_55,218930024039,Sabha,2026-01-20 14:22:56.648277
56,Customer_56,218978188639,Tripoli,2025-03-15 14:22:56.648279
57,Customer_57,218948174667,Misrata,2025-04-22 14:22:56.648281
58,Customer_58,218999068204,Tripoli,2025-11-01 14:22:56.648283
59,Customer_59,218992817974,Tripoli,2025-08-09 14:22:56.648285
60,Customer_60,218982656149,Misrata,2026-01-18 14:22:56.648286
61,Customer_61,218973284636,Misrata,2025-08-30 14:22:56.648288
62,Customer_62,218920994514,Misrata,2025-07-20 14:22:56.648290
63,Customer_63,218926477142,Misrata,2025-04-22 14:22:56.648293
64,Customer_64,218931245418,Misrata,2025-12-08 14:22:56.648296
65,Customer_65,218933116306,Misrata,2025-03-20 14:22:56.648299
66,Customer_66,218911449633,Benghazi,2025-08-27 14:22:56.648301
67,Customer_67,218997889016,Benghazi,2025-05-07 14:22:56.648303
68,Customer_68,218933762584,Benghazi,2025-08-23 14:22:56.648305
69,Customer_69,218912561876,Tripoli,2025-02-28 14:22:56.648306
70,Customer_70,218941417445,Misrata,2026-02-17 14:22:56.648308
71,Customer_71,218995264206,Benghazi,2025-05-14 14:22:56.648310
72,Customer_72,218996623998,Misrata,2026-01-14 14:22:56.648312
73,Customer_73,218994530625,Misrata,2025-03-14 14:22:56.648314
74,Customer_74,218997175804,Tripoli,2025-06-08 14:22:56.648316
75,Customer_75,218999193666,Sabha,2025-08-12 14:22:56.648317
76,Customer_76,218962538806,Tripoli,2025-09-16 14:22:56.648319
77,Customer_77,218941954976,Tripoli,2025-08-15 14:22:56.648320
78,Customer_78,218975249749,Tripoli,2025-07-17 14:22:56.648323
79,Customer_79,218943683306,Misrata,2025-06-26 14:22:56.648325
80,Customer_80,218954131603,Benghazi,2025-11-23 14:22:56.648411
81,Customer_81,218934430561,Benghazi,2025-04-05 14:22:56.648413
82,Customer_82,218928186221,Sabha,2025-07-10 14:22:56.648415
83,Customer_83,218976669320,Sabha,2025-10-04 14:22:56.648417
84,Customer_84,218999361578,Misrata,2025-12-16 14:22:56.648419
85,Customer_85,218991394736,Benghazi,2025-09-01 14:22:56.648422
86,Customer_86,218932011808,Misrata,2025-08-29 14:22:56.648424
87,Customer_87,218948932808,Sabha,2025-06-06 14:22:56.648426
88,Customer_88,218949445517,Tripoli,2026-01-03 14:22:56.648428
89,Customer_89,218912558119,Benghazi,2025-05-25 14:22:56.648429
90,Customer_90,218992119325,Tripoli,2025-11-28 14:22:56.648431
91,Customer_91,218931809923,Tripoli,2025-09-15 14:22:56.648433
92,Customer_92,218968311067,Sabha,2025-11-20 14:22:56.648435
93,Customer_93,218967141623,Sabha,2025-04-17 14:22:56.648437
94,Customer_94,218997453528,Misrata,2026-02-02 14:22:56.648438
95,Customer_95,218976845804,Tripoli,2025-10-15 14:22:56.648440
96,Customer_96,218938642907,Sabha,2025-10-20 14:22:56.648444
97,Customer_97,218984594122,Sabha,2025-08-26 14:22:56.648446
98,Customer_98,218958375435,Sabha,2025-08-16 14:22:56.648447
99,Customer_99,218940749981,Sabha,2025-07-31 14:22:56.648450
100,Customer_100,218987472323,Sabha,2025-08-23 14:22:56.648451
101,Customer_101,218987102926,Misrata,2025-11-21 14:22:56.648453
102,Customer_102,218911736034,Misrata,2025-12-27 14:22:56.648455
103,Customer_103,218942886277,Sabha,2025-06-11 14:22:56.648457
104,Customer_104,218997978977,Misrata,2025-10-22 14:22:56.648458
105,Customer_105,218910326262,Misrata,2026-01-07 14:22:56.648460
106,Customer_106,218999790827,Misrata,2025-12-17 14:22:56.648469
107,Customer_107,218912441601,Misrata,2025-03-26 14:22:56.648472
108,Customer_108,218972838417,Sabha,2025-09-07 14:22:56.648474
109,Customer_109,218939783027,Benghazi,2025-09-12 14:22:56.648476
110,Customer_110,218967067395,Tripoli,2025-11-24 14:22:56.648479
111,Customer_111,218978691825,Sabha,2025-10-07 14:22:56.648480
112,Customer_112,218912799455,Benghazi,2025-10-16 14:22:56.648482
113,Customer_113,218916266780,Sabha,2025-06-21 14:22:56.648484
114,Customer_114,218999225458,Misrata,2025-05-08 14:22:56.648486
115,Customer_115,218959025011,Benghazi,2025-03-29 14:22:56.648487
116,Customer_116,218950210381,Sabha,2026-01-13 14:22:56.648490
117,Customer_117,218920021983,Misrata,2025-12-31 14:22:56.648491
118,Customer_118,218911270690,Misrata,2025-11-30 14:22:56.648493
119,Customer_119,218926179027,Tripoli,2025-04-10 14:22:56.648495
120,Customer_120,218956642706,Tripoli,2026-01-02 14:22:56.648496
121,Customer_121,218957053110,Benghazi,2025-10-30 14:22:56.648498
122,Customer_122,218916081345,Misrata,2025-10-28 14:22:56.648500
123,Customer_123,218970232825,Benghazi,2025-10-03 14:22:56.648502
124,Customer_124,218930436497,Benghazi,2025-05-17 14:22:56.648503
125,Customer_125,218922776501,Benghazi,2025-08-21 14:22:56.648505
126,Customer_126,218911730753,Sabha,2025-11-12 14:22:56.648507
127,Customer_127,218967685226,Tripoli,2026-01-28 14:22:56.648509
128,Customer_128,218970062979,Sabha,2025-04-11 14:22:56.648512
129,Customer_129,218963862541,Benghazi,2025-03-30 14:22:56.648514
130,Customer_130,218916737709,Sabha,2025-11-28 14:22:56.648516
131,Customer_131,218912076117,Benghazi,2025-09-04 14:22:56.648518
132,Customer_132,218947317526,Tripoli,2025-05-27 14:22:56.648521
133,Customer_133,218928990135,Tripoli,2025-10-25 14:22:56.648522
134,Customer_134,218918817696,Misrata,2025-11-09 14:22:56.648524
135,Customer_135,218961737266,Tripoli,2025-06-18 14:22:56.648526
136,Customer_136,218994069724,Sabha,2025-03-09 14:22:56.648527
137,Customer_137,218917868269,Tripoli,2025-11-25 14:22:56.648529
138,Customer_138,218921778339,Benghazi,2025-10-05 14:22:56.648531
139,Customer_139,218942408005,Tripoli,2025-07-28 14:22:56.648532
140,Customer_140,218934033361,Sabha,2025-05-25 14:22:56.648534
141,Customer_141,218991652596,Benghazi,2025-03-25 14:22:56.648536
142,Customer_142,218954578882,Misrata,2026-02-26 14:22:56.648537
143,Customer_143,218995142627,Benghazi,2025-07-08 14:22:56.648539
144,Customer_144,218944239016,Misrata,2025-05-19 14:22:56.648541
145,Customer_145,218957297140,Sabha,2025-08-28 14:22:56.648543
146,Customer_146,218978825054,Misrata,2025-06-21 14:22:56.648545
147,Customer_147,218978638788,Tripoli,2025-10-16 14:22:56.648547
148,Customer_148,218994886521,Sabha,2026-01-02 14:22:56.648549
149,Customer_149,218913241100,Misrata,2025-09-09 14:22:56.648552
150,Customer_150,218983893856,Tripoli,2025-05-24 14:22:56.648554
151,Customer_151,218944321219,Tripoli,2025-03-16 14:22:56.648556
152,Customer_152,218918337517,Misrata,2026-01-15 14:22:56.648558
153,Customer_153,218982361530,Tripoli,2025-11-06 14:22:56.648560
154,Customer_154,218924251917,Misrata,2025-03-06 14:22:56.648561
155,Customer_155,218943438646,Sabha,2026-02-26 14:22:56.648563
156,Customer_156,218967156720,Sabha,2025-08-16 14:22:56.648565
157,Customer_157,218986482382,Benghazi,2025-08-03 14:22:56.648566
158,Customer_158,218947440036,Tripoli,2026-01-04 14:22:56.648568
159,Customer_159,218989604320,Benghazi,2025-07-11 14:22:56.648570
160,Customer_160,218970188819,Tripoli,2026-02-08 14:22:56.648572
161,Customer_161,218986552764,Misrata,2025-10-09 14:22:56.648574
162,Customer_162,218922014129,Sabha,2026-01-16 14:22:56.648575
163,Customer_163,218980966406,Benghazi,2025-05-29 14:22:56.648577
164,Customer_164,218930460610,Tripoli,2026-02-15 14:22:56.648579
165,Customer_165,218932348315,Misrata,2025-10-17 14:22:56.648581
166,Customer_166,218987943867,Benghazi,2025-12-10 14:22:56.648582
167,Customer_167,218911495868,Misrata,2025-09-26 14:22:56.648584
168,Customer_168,218980713171,Misrata,2025-07-28 14:22:56.648586
169,Customer_169,218991694665,Benghazi,2026-02-16 14:22:56.648588
170,Customer_170,218922512577,Sabha,2025-09-27 14:22:56.648589
171,Customer_171,218970330927,Benghazi,2025-05-15 14:22:56.648592
172,Customer_172,218999940362,Tripoli,2025-12-22 14:22:56.648593
173,Customer_173,218918714584,Tripoli,2025-03-17 14:22:56.648595
174,Customer_174,218952039909,Benghazi,2026-02-10 14:22:56.648601
175,Customer_175,218975322075,Tripoli,2025-05-02 14:22:56.648603
176,Customer_176,218994041921,Sabha,2025-12-13 14:22:56.648604
177,Customer_177,218911546002,Tripoli,2025-08-04 14:22:56.648606
178,Customer_178,218991794234,Benghazi,2025-03-02 14:22:56.648608
179,Customer_179,218950278929,Sabha,2025-04-03 14:22:56.648610
180,Customer_180,218949388725,Benghazi,2025-11-21 14:22:56.648612
181,Customer_181,218945003645,Tripoli,2025-09-02 14:22:56.648613
182,Customer_182,218991269680,Sabha,2025-12-12 14:22:56.648616
183,Customer_183,218992778527,Tripoli,2025-09-28 14:22:56.648617
184,Customer_184,218941975148,Benghazi,2025-03-21 14:22:56.648619
185,Customer_185,218991648392,Misrata,2025-03-23 14:22:56.648621
186,Customer_186,218980252364,Tripoli,2025-04-22 14:22:56.648622
187,Customer_187,218928296971,Misrata,2025-05-20 14:22:56.648624
188,Customer_188,218983656942,Tripoli,2025-10-06 14:22:56.648626
189,Customer_189,218914533269,Misrata,2026-01-17 14:22:56.648628
190,Customer_190,218983558595,Tripoli,2025-04-23 14:22:56.648630
191,Customer_191,218951205428,Tripoli,2025-06-03 14:22:56.648632
192,Customer_192,218937867983,Tripoli,2026-01-16 14:22:56.648634
193,Customer_193,218934370881,Benghazi,2025-05-25 14:22:56.648637
194,Customer_194,218945179970,Sabha,2025-03-08 14:22:56.648640
195,Customer_195,218971186113,Misrata,2026-02-25 14:22:56.648642
196,Customer_196,218955980975,Sabha,2025-09-24 14:22:56.648644
197,Customer_197,218957041523,Benghazi,2025-05-17 14:22:56.648645
198,Customer_198,218937351880,Tripoli,2025-09-24 14:22:56.648647
199,Customer_199,218971287959,Tripoli,2025-11-15 14:22:56.648648
200,Customer_200,218917226065,Benghazi,2026-02-11 14:22:56.648650
