transaction_id,sim_id,transaction_date,amount,store_location
24602e00-294e-4a59-9021-df4b5d32bf18,99,2025-10-24 14:22:56.658730,111.59,Benghazi Center
fd0631d6-167a-4b87-b1f5-09300d1f4a73,156,2026-01-24 14:22:56.658765,138.68,Benghazi Center
91797c50-df8d-4113-97ab-85cd8184e2b3,2,2025-04-29 14:22:56.658781,9.89,Online App
de8fe334-2763-4337-bf34-7b4651691855,249,2025-04-19 14:22:56.658791,165.55,Tripoli Mall
b7c8a562-57a8-46a8-bd34-08bee5cd23fe,293,2026-01-03 14:22:56.658798,92.34,Misrata Market
a4448b41-dc95-43cf-8285-a086dfd57ac9,35,2025-10-29 14:22:56.658805,10.05,Tripoli Mall
1793bed8-df8f-4959-baf3-8aedbbdad52f,272,2026-01-05 14:22:56.658815,106.49,Misrata Market
e0d309c1-941b-47b2-ad39-22edb7ce3d56,194,2025-04-17 14:22:56.658825,104.31,Misrata Market
c8636ba5-c31c-4146-8bf4-2b19d69294fb,56,2025-09-05 14:22:56.658833,188.73,Misrata Market
9931bef6-8c85-4623-8e18-5a85e0fcfc4e,61,2025-12-15 14:22:56.658840,17.47,Tripoli Mall
f945f95d-3a02-416f-83c9-0461c0accbdf,111,2025-05-16 14:22:56.658847,85.87,Online App
6cb7cd1b-a234-4e10-a306-4ab0e1f7427b,281,2025-07-19 14:22:56.658854,192.45,Tripoli Mall
190a6846-78f6-4e37-b67a-d6bd8ae1f0d4,291,2025-10-04 14:22:56.658860,124.63,Online App
7afffcef-b42b-42e5-a8b3-a50c971dd070,169,2025-04-13 14:22:56.658866,159.06,Benghazi Center
8303481d-add8-4c32-8c49-83e9f8edfca1,129,2025-05-30 14:22:56.658872,155.32,Misrata Market
9d38dbdc-edb0-405a-b724-914ac66a9473,279,2025-04-22 14:22:56.658878,89.27,Misrata Market
0cf71888-29cb-4df7-8fac-93a22b280b74,184,2025-11-23 14:22:56.658885,111.81,Benghazi Center
774541e3-e0b5-4072-8a1e-0f744703f09a,268,2025-03-11 14:22:56.658891,60.3,Misrata Market
212bf4df-94f3-49b6-af8c-5ec5d14b8a3f,291,2026-01-25 14:22:56.658897,103.8,Benghazi Center
3a6de8e1-2704-49ab-b4cd-b6f63e968600,290,2025-08-16 14:22:56.658903,10.93,Misrata Market
b139d944-cbd0-48af-9efa-6f0225d16c3c,215,2025-10-23 14:22:56.658909,48.69,Benghazi Center
edbe51c6-44e1-41c6-a63e-b4c9473f8f94,36,2025-11-17 14:22:56.658915,125.96,Misrata Market
785cd752-c2ef-4180-996b-1ce209ccc4d5,39,2025-07-01 14:22:56.658920,16.73,Online App
e3c138be-ff2b-4f62-8bb1-ffa215f540b8,6,2025-11-11 14:22:56.658926,134.34,Misrata Market
80f3bf80-cc1a-48de-a0e3-6649b47c54a2,241,2025-05-22 14:22:56.658932,3.0,Online App
b3227e61-b530-4201-897d-ef37737de7b9,123,2025-07-06 14:22:56.658939,131.17,Benghazi Center
ce241e2c-5cda-46dc-b0e7-9dc826d24a35,254,2025-08-31 14:22:56.658946,164.67,Benghazi Center
363c49a9-46ba-42c2-b405-775ae2f570a1,127,2026-02-19 14:22:56.658952,44.71,Misrata Market
4b1b5902-fe44-49f3-859d-02448af60ccd,69,2025-11-26 14:22:56.658958,163.19,Online App
90bd1c86-2339-486e-a5c0-5b31f0ab1dad,260,2025-05-27 14:22:56.658964,91.32,Tripoli Mall
ae804a99-6f50-4510-b86b-fa8a6620e0e9,287,2025-07-17 14:22:56.658970,152.03,Misrata Market
81ab7890-8a83-4bd5-8fa0-a85bbd6ba0e0,242,2025-12-12 14:22:56.658976,119.8,Tripoli Mall
983855e8-768f-4c68-bd33-e8add031a2e6,26,2025-03-21 14:22:56.658982,93.96,Tripoli Mall
044b4fdb-8ba2-474c-a0a0-403b285e438b,180,2026-02-18 14:22:56.658989,55.59,Tripoli Mall
0956a0f1-9a31-45bd-99ea-885b579af6ad,106,2025-04-10 14:22:56.658995,57.29,Benghazi Center
e4f99baa-52fe-4085-b2b6-14b7b06184b6,52,2025-07-20 14:22:56.659000,113.38,Misrata Market
2e44602d-cd44-46b8-965b-10a9ee2b42c1,197,2025-09-29 14:22:56.659007,19.46,Online App
8435c872-3487-49db-ad58-a53b4bd44c0d,174,2025-04-10 14:22:56.659013,17.11,Tripoli Mall
cb9e0832-81bd-43de-81d9-bafa093db6cd,184,2025-10-08 14:22:56.659020,165.5,Misrata Market
b385a85b-bc1b-4d86-b8bb-3507de7aff59,174,2026-01-14 14:22:56.659027,155.13,Online App
0f86b359-e506-46c0-8113-361cd36be75c,8,2025-06-08 14:22:56.659033,131.8,Tripoli Mall
317ae0a1-1c15-48e4-a786-331d5d3c153c,51,2025-03-01 14:22:56.659039,152.82,Benghazi Center
46c586ad-015f-4170-b40d-10a9508a9c0c,85,2025-06-23 14:22:56.659045,49.23,Benghazi Center
44128c72-b7f9-4f10-a6b0-b7d4ae6883a2,6,2025-04-14 14:22:56.659051,190.09,Tripoli Mall
435f32b9-59e0-4a2d-9ab3-64ffc919254c,274,2026-02-15 14:22:56.659058,189.08,Tripoli Mall
cb8fa437-f3df-4804-9641-8f9ba6c3e298,8,2025-11-02 14:22:56.659067,64.59,Benghazi Center
6ef8523c-30d6-4b2a-905f-e588913b29d0,35,2025-08-30 14:22:56.659074,105.89,Misrata Market
5dc63b00-f07c-4f0e-b490-8823e0cb4e95,149,2025-07-21 14:22:56.659080,87.08,Online App
c01a4756-1d2e-41ac-b24e-ed1a67e053b2,147,2025-12-08 14:22:56.659086,64.74,Online App
419d6ec6-a0d0-45c7-8924-802e51029be6,126,2025-10-19 14:22:56.659092,20.95,Misrata Market
a1b6a05d-c4be-4f29-9ae8-3b189321e222,207,2025-11-28 14:22:56.659098,3.81,Tripoli Mall
fa19cc24-4a64-4c40-ad06-934e8eb35196,69,2025-06-11 14:22:56.659103,83.13,Online App
a011a7cd-84f9-4471-ac89-1a1b05332d9b,40,2026-01-27 14:22:56.659109,135.5,Online App
e7c89736-5a03-4849-adb5-1bea6e217b5a,168,2025-06-01 14:22:56.659115,85.83,Tripoli Mall
86178a26-c2d8-4130-b96c-9345e7a87452,167,2025-05-02 14:22:56.659121,10.11,Online App
da4d1037-0398-4c7c-9e88-6e3e9c6b71a4,124,2026-02-19 14:22:56.659127,78.19,Tripoli Mall
151f0f15-8722-43f3-bd42-07f0626765da,239,2025-09-09 14:22:56.659133,83.92,Misrata Market
9c69741c-c1b1-426e-809d-948b4ad071b9,186,2025-11-27 14:22:56.659139,110.55,Online App
3e6277cc-8681-4a89-9258-1bed08020c07,113,2025-05-10 14:22:56.659144,127.53,Online App
e85f5a2b-29f3-4a64-b94a-61fbfd36d827,209,2025-03-07 14:22:56.659151,45.2,Misrata Market
a336927f-aecd-4722-9432-6697917df69f,15,2025-12-08 14:22:56.659157,177.62,Tripoli Mall
ccb0efbb-b044-4506-9c73-30988a6ddd21,17,2025-10-21 14:22:56.659163,52.19,Tripoli Mall
5380d1fe-88e7-4e58-b3c7-0a5d74edbab9,260,2025-03-18 14:22:56.659170,42.47,Tripoli Mall
79ffecc2-1b2d-42cc-8aac-7f34e6490fdc,77,2025-06-19 14:22:56.659176,160.87,Benghazi Center
4ebba739-c631-4491-8e4c-883c678d12af,72,2025-03-27 14:22:56.659182,149.48,Benghazi Center
9f5acb2b-f611-4d14-b146-92d92f6c8299,29,2026-01-06 14:22:56.659189,85.58,Misrata Market
b71accd8-be54-47d5-a837-5bda8d56fcac,124,2025-09-06 14:22:56.659194,197.81,Online App
b0f4c8ea-dd81-466a-9fc1-ee2c7abf7c06,74,2025-08-24 14:22:56.659200,38.01,Benghazi Center
0af49249-e44b-477f-8249-f1c1d8620d62,88,2025-05-16 14:22:56.659205,185.8,Online App
cd3f4dce-7660-4afe-b6b9-49217857be91,147,2025-07-24 14:22:56.659211,52.52,Misrata Market
a58e6b16-1022-41d2-a53b-5d62805f994e,207,2025-05-07 14:22:56.659217,78.07,Benghazi Center
55a316b6-71b0-4820-be03-3745df20514a,4,2025-07-31 14:22:56.659225,147.79,Misrata Market
0ea525d1-acb9-4981-ac6e-20af93be5a93,59,2025-12-20 14:22:56.659231,1.64,Tripoli Mall
10cce608-9afb-4523-bef3-e2b8336bb895,254,2026-02-27 14:22:56.659239,112.0,Misrata Market
5461791c-0819-4769-aa8a-af3a7eb84813,136,2025-05-10 14:22:56.659246,137.79,Misrata Market
de944281-4d75-4515-8f74-5c80c41aea98,112,2026-01-24 14:22:56.659252,123.49,Tripoli Mall
ed2b27c6-6b03-4f87-9dbe-956e09e0180e,53,2025-09-23 14:22:56.659258,195.03,Online App
6c271c7f-1da2-47bf-90e4-51aa2c0b07bf,29,2025-11-21 14:22:56.659266,113.17,Online App
80506189-63be-4847-8ffb-c9473780d62e,90,2025-10-17 14:22:56.659272,148.65,Benghazi Center
3e530f95-ce16-44f0-91d5-98e54c6f1798,131,2025-09-10 14:22:56.659278,17.72,Misrata Market
a6dd08dc-069a-4327-b5cd-0dfd46a2177b,108,2025-09-01 14:22:56.659284,92.51,Benghazi Center
2ccf1529-1b52-4885-a6c0-3c855fcded87,54,2025-03-23 14:22:56.659290,195.76,Online App
b4191eb4-b0c0-4239-a0ab-cbf85fdc36db,71,2025-09-24 14:22:56.659296,51.95,Misrata Market
8a5a0023-86b2-4cfe-a2fc-bb2a8a0e0817,44,2025-09-09 14:22:56.659302,140.41,Tripoli Mall
8a2d31b5-9035-4b4a-9c46-5b91befc6dc6,101,2026-02-20 14:22:56.659308,9.11,Online App
146254f0-b3e8-46f5-9697-47a964f93476,32,2025-03-24 14:22:56.659313,156.44,Benghazi Center
025b122f-2b19-4ac9-8338-25428481892a,15,2026-02-23 14:22:56.659319,136.16,Online App
aeda7a83-29a6-4fb6-9982-6308bb8445b0,253,2025-07-14 14:22:56.659325,197.75,Benghazi Center
965b63a7-712e-46f4-bc50-a44237654f04,156,2025-12-07 14:22:56.659333,130.06,Misrata Market
bf6c4dfe-97de-4548-9c24-a3c95ee3cea7,20,2025-12-17 14:22:56.659339,183.67,Benghazi Center
87326f42-6516-4c88-8b99-402487c7d63d,291,2026-01-28 14:22:56.659345,7.58,Online App
9a84d22a-8877-4a59-a27b-ab090f10dac2,181,2025-05-28 14:22:56.659351,43.06,Online App
47d3d9e9-5984-4a68-84c4-83ad2cf6e96b,155,2025-11-30 14:22:56.659357,52.11,Benghazi Center
159718fd-bbf3-4c08-9bd7-4b7ba02f3901,80,2025-04-14 14:22:56.659363,81.01,Tripoli Mall
ac39f7d1-460a-4b0c-a352-87414b82c778,243,2025-05-30 14:22:56.659369,183.77,Tripoli Mall
ec857b63-759d-4d4b-b50f-1678d4aa6283,119,2026-02-08 14:22:56.659375,45.31,Misrata Market
cc13a7e2-9c1a-472d-8296-4ec74f245875,114,2025-05-07 14:22:56.659381,13.37,Online App
442dda5e-b9e7-460a-a08b-4da9a40f6b39,197,2025-11-03 14:22:56.659388,9.75,Online App
a87bcd28-f6b2-44e7-b12f-659c114f6f40,91,2025-04-12 14:22:56.659394,150.78,Tripoli Mall
f16de003-57da-4336-8061-43ee3c7ba40f,243,2025-06-13 14:22:56.659399,116.69,Misrata Market
3c50d7b6-1bc7-4477-8d52-69d1f43a677c,164,2025-12-19 14:22:56.659405,2.3,Benghazi Center
a428976a-9fc9-4457-b6bb-55819ae49442,241,2025-12-24 14:22:56.659410,108.51,Misrata Market
75a15804-7aeb-4258-961e-70d41b9533bb,24,2025-08-09 14:22:56.659416,170.0,Tripoli Mall
ee4b8fae-45eb-4ad9-868d-05875c93b7ba,244,2026-01-09 14:22:56.659423,64.38,Misrata Market
9e7ae41c-6312-4869-8d55-c455d88be618,127,2026-02-06 14:22:56.659429,181.57,Misrata Market
145622e2-e197-416b-8c8c-7413c650fbe9,69,2025-11-13 14:22:56.659437,178.58,Tripoli Mall
dfc11ce7-b51b-4430-bc2d-775bcc8db1d4,259,2025-07-14 14:22:56.659443,107.2,Benghazi Center
1ee735ea-41ed-4ebb-aa39-5c3de6a81b26,16,2025-08-16 14:22:56.659449,145.81,Tripoli Mall
96172c72-cd1b-4ec5-8bdd-cdf0b436fc2f,232,2026-01-15 14:22:56.659455,7.35,Benghazi Center
cbd5b5ed-ae38-4990-af3f-20b95e882b23,299,2025-11-06 14:22:56.659462,32.14,Online App
2ea810f7-4df4-4440-b5a9-3c5676de2781,291,2025-07-22 14:22:56.659468,80.63,Online App
51665b02-00ae-4f76-a7c5-6b09098f3f02,17,2025-05-17 14:22:56.659474,102.48,Misrata Market
28d515f5-e0fd-4315-9dfe-232104405676,194,2025-11-06 14:22:56.659480,15.34,Tripoli Mall
d662b534-c385-4139-a004-4573fef5d745,77,2025-06-07 14:22:56.659486,177.18,Tripoli Mall
8a0334f6-b9b5-4072-a853-69e0d6051886,257,2025-07-07 14:22:56.659492,176.86,Online App
fc2e8c8b-ce6c-4251-ab58-35a6027ab159,44,2025-06-15 14:22:56.659498,133.55,Misrata Market
213739a0-9c0f-47d5-8f00-e4e93bf687b5,115,2025-05-26 14:22:56.659503,85.47,Benghazi Center
da2e7d4b-2949-47d5-b52a-251be13079fc,273,2025-03-29 14:22:56.659509,198.84,Online App
dc449d45-81b3-45b3-b6a4-642797ed17b1,126,2025-05-06 14:22:56.659519,147.79,Misrata Market
8d65a414-e6df-4c72-b755-b6101e31fff7,20,2025-11-17 14:22:56.659525,91.27,Tripoli Mall
c1e95f96-0d81-4342-b798-5fd19aeb8116,19,2025-03-12 14:22:56.659531,19.85,Benghazi Center
f8792c6a-d9c4-4115-940f-140de9074d4b,270,2025-04-17 14:22:56.659536,133.06,Benghazi Center
9d3812ac-fff5-46ac-91af-1cab835b6b4d,49,2025-09-30 14:22:56.659542,150.06,Tripoli Mall
703caa31-7855-4af2-84f1-818c8f330d4a,128,2026-01-23 14:22:56.659548,28.96,Benghazi Center
1806a549-ebfd-4491-9221-9f88e5c2aba7,169,2025-05-30 14:22:56.659554,183.83,Benghazi Center
fcb845a9-b375-43c9-bd6c-b191483518ac,293,2026-01-22 14:22:56.659559,54.78,Misrata Market
90210327-2240-493c-b653-5582de27bd16,203,2025-06-11 14:22:56.659566,113.83,Benghazi Center
ddada476-19a0-416b-a626-9b824e4d0f18,28,2026-02-14 14:22:56.659572,157.82,Tripoli Mall
eff46c4c-8e61-48b6-a6c1-fab5c737d9cd,288,2025-12-02 14:22:56.659578,43.51,Misrata Market
879a60a9-290b-4392-8ec2-dd78eec681c7,123,2025-10-24 14:22:56.659584,65.63,Tripoli Mall
c8bca696-5b4c-4889-9b45-002883704a30,109,2025-03-31 14:22:56.659592,53.11,Tripoli Mall
dea5e42b-c2c5-4f53-8a9f-74c1f020f21b,87,2025-10-30 14:22:56.659598,121.57,Tripoli Mall
e3ee7866-37be-477f-88ff-7ddd8aea03a4,36,2025-09-29 14:22:56.659604,168.07,Tripoli Mall
5cc935a1-4106-459b-812a-119c520893ba,213,2025-05-23 14:22:56.659610,145.3,Benghazi Center
7cdc7e9b-87f4-4329-8299-56d0320b7887,275,2025-12-08 14:22:56.659616,47.4,Misrata Market
abbe76f3-5702-4b7b-8ed0-004e5b2a6f59,194,2025-11-30 14:22:56.659640,102.77,Benghazi Center
6583fd7c-6447-46fe-9c20-9930baa01ee2,247,2025-10-13 14:22:56.659662,104.52,Online App
813840e4-c91b-4af3-92e7-46a359b77068,284,2025-08-14 14:22:56.659669,180.43,Misrata Market
0b49f308-d344-480a-a87d-2d75f7a5c352,100,2025-04-14 14:22:56.659676,99.57,Tripoli Mall
99353469-f533-4389-a68c-4c77af64257e,182,2025-07-24 14:22:56.659684,147.01,Benghazi Center
73a72467-5e06-45a9-91fd-df2df5e1ab5d,133,2025-09-25 14:22:56.659689,115.06,Misrata Market
420d410b-1d0b-40ca-a206-2cc7331f51d7,56,2025-11-16 14:22:56.659695,107.12,Benghazi Center
662d3e22-4d99-4ddb-9976-5e18f3e3f001,121,2025-10-08 14:22:56.659701,134.94,Tripoli Mall
57c95473-7f57-4508-a1c6-3d383f15e21b,91,2025-12-07 14:22:56.659709,69.9,Benghazi Center
0fe1f86f-1d7e-4d9f-b829-859a48ad2b28,200,2025-05-10 14:22:56.659715,146.71,Misrata Market
b035b6fd-0d0d-4cf6-8890-b3ec99fd25f4,125,2026-01-14 14:22:56.659721,57.78,Tripoli Mall
b5c9806f-2119-4d54-92bd-56842a0336ad,142,2026-01-19 14:22:56.659727,44.61,Online App
7ee5be2f-8319-404d-9bd5-c340dbeb0284,250,2026-01-06 14:22:56.659735,101.41,Tripoli Mall
9bb185e0-32d9-42ae-98d7-b215bf28690e,39,2025-03-03 14:22:56.659745,89.68,Online App
4cd62803-5639-4aca-8a8f-5985db03d42b,41,2025-04-30 14:22:56.659751,93.39,Online App
c830ef42-374b-4cd7-9af3-fa30e32ae5a6,211,2026-02-01 14:22:56.659757,185.31,Online App
764a6e2a-f405-48d1-98d8-831254fccdc0,227,2025-11-09 14:22:56.659763,77.19,Online App
0fdac161-4a10-4b6a-80e2-f97f3151846a,246,2026-01-28 14:22:56.659770,158.99,Tripoli Mall
8c10a052-8fa1-4363-8199-2db2ecfa3f65,266,2025-03-12 14:22:56.659777,21.96,Online App
a5a3bddb-b4ed-4288-8565-0417fe0594a2,174,2025-06-23 14:22:56.659783,77.08,Online App
bfb41b22-37d8-4e8a-b77b-6108db636ff3,142,2025-08-14 14:22:56.659789,180.61,Online App
6627e52c-10d2-47ef-8ef2-eabd8d0a7803,39,2025-11-27 14:22:56.659795,25.65,Tripoli Mall
832e135c-2b14-4db0-b3f8-d71d9391710f,228,2025-09-27 14:22:56.659801,180.92,Misrata Market
4d64e4b4-5045-48e6-a75e-10fd281bf764,189,2026-02-07 14:22:56.659808,166.07,Misrata Market
26550f5c-78ad-4f09-b984-f80cfb96f46f,217,2025-08-05 14:22:56.659814,108.54,Benghazi Center
c87d1070-bb6d-43c2-94b2-778f3b4c4f4c,92,2025-10-22 14:22:56.659831,191.53,Misrata Market
6c91bad1-6345-41fc-91d8-251e663f95de,88,2025-11-30 14:22:56.659837,75.93,Misrata Market
48bb3602-0450-4e69-805e-fd718f94c408,213,2025-05-08 14:22:56.659843,105.01,Misrata Market
1e932da5-6581-4462-ba58-5ab51866acc3,2,2025-11-30 14:22:56.659848,134.25,Online App
4e6c18f1-e243-423d-b0de-913d861162dc,258,2025-07-31 14:22:56.659855,58.96,Benghazi Center
d05a7f5b-01cc-4f8e-872c-5b15954cfd25,293,2025-09-25 14:22:56.659874,189.23,Tripoli Mall
4ff6c1b8-2234-4d8c-9128-86002e8bc46f,197,2025-06-12 14:22:56.659880,47.38,Benghazi Center
9b297630-06af-4a82-8f17-50a3363b4a9d,39,2026-02-01 14:22:56.659887,18.08,Misrata Market
87121bfb-dda2-4e41-ae7d-3d381a96c56e,99,2025-05-01 14:22:56.659893,149.91,Misrata Market
43cecc95-4cd4-428b-ab87-f44422d008f3,141,2025-12-10 14:22:56.659899,14.63,Misrata Market
2adffeef-faf3-4f6b-81a7-09d9aa3cd7c7,223,2025-12-24 14:22:56.659904,147.38,Online App
6fbdb77a-425c-4abe-bb02-56a513a4745e,154,2025-12-08 14:22:56.659910,99.71,Misrata Market
b0655c47-87fc-4659-91a5-d3eafc35eb5a,275,2025-10-26 14:22:56.659917,78.32,Benghazi Center
a2132bb0-d30e-4cf4-bb83-71e6e299c430,25,2025-06-29 14:22:56.659926,198.68,Misrata Market
f8a9613d-e5b3-4d87-9849-d8fc58ebb1e8,185,2025-04-19 14:22:56.659942,19.18,Tripoli Mall
bb374ef1-b4a9-468a-b888-70c00ae19619,14,2025-07-31 14:22:56.659948,168.37,Benghazi Center
8257de70-028d-4160-bafd-4c8dc8d22a47,25,2025-12-08 14:22:56.659955,4.92,Tripoli Mall
f30c8d13-a7c4-4c0b-8259-e547ded13254,206,2025-06-26 14:22:56.659964,180.48,Misrata Market
645075c8-1f75-4a0c-9f31-837e1684eef4,145,2026-02-20 14:22:56.659970,191.77,Benghazi Center
68d9c6ac-7e6c-4067-9944-605e7a122475,238,2025-06-30 14:22:56.659976,161.6,Online App
574095d8-e060-499c-a528-0e62bc673d3c,112,2025-07-31 14:22:56.659982,180.2,Benghazi Center
50eb1c93-fa94-4e73-817c-18ecc5749518,207,2025-02-27 14:22:56.659988,164.53,Online App
67202b8d-8f16-4eb2-8e99-7d4c4d3821ee,291,2026-01-23 14:22:56.659996,157.64,Benghazi Center
c7ad2c20-5759-48ee-8d54-6dc4f0961b3f,191,2026-01-30 14:22:56.660002,145.76,Misrata Market
26c9c8e5-9a03-4e3c-8091-c769ba5ba0f4,267,2025-11-18 14:22:56.660012,88.95,Misrata Market
8e5039a2-1546-4bdf-8889-43f685945f84,196,2025-08-15 14:22:56.660018,12.19,Tripoli Mall
5283fb6c-62b9-4708-8e59-053ec51843ac,193,2025-03-06 14:22:56.660026,178.65,Misrata Market
c9c28a2f-441b-486d-8211-55f7611a717a,56,2026-02-01 14:22:56.660032,154.2,Misrata Market
de73e0e4-677a-4f40-a02d-0f79c236540c,218,2025-05-04 14:22:56.660038,187.77,Tripoli Mall
1ab99929-096a-41f2-bd06-7a0f04324ace,97,2025-12-04 14:22:56.660044,182.55,Online App
717d93d7-f826-4ee7-b11c-88d4ba555c09,286,2025-05-21 14:22:56.660050,84.42,Tripoli Mall
79ca80b9-8970-4879-8a7d-609492a1a421,127,2025-03-23 14:22:56.660056,157.99,Tripoli Mall
3f936735-a060-44ea-a211-22bd070624a4,228,2025-09-13 14:22:56.660062,44.94,Online App
c2de0938-b4d9-4a3f-ace3-da1ba3cee6c4,283,2025-09-08 14:22:56.660068,175.26,Tripoli Mall
bd2c4b89-496f-4453-aa5a-29da61c11974,229,2025-06-14 14:22:56.660074,191.27,Online App
3699168b-edf5-484b-82d0-aea4f6754226,55,2025-06-28 14:22:56.660080,15.22,Online App
ab0f98fd-b41e-476d-9a41-48919fcd071d,265,2025-08-14 14:22:56.660086,63.75,Online App
a98fc225-d4d8-4bfe-a69e-70ae3324755d,238,2025-10-28 14:22:56.660092,189.64,Online App
50e13220-8318-4464-b5e7-b79803c54057,166,2025-12-19 14:22:56.660098,45.46,Tripoli Mall
c670d9a5-d56c-4914-a8c7-ca485d1b219b,217,2025-10-09 14:22:56.660104,175.12,Benghazi Center
dc402129-fe5b-4f94-a94c-c039a6f40667,146,2025-12-08 14:22:56.660110,167.11,Misrata Market
8d90082d-284a-4adc-8285-71cd71d4f24c,262,2025-09-10 14:22:56.660117,5.09,Benghazi Center
f585e240-b4af-48b3-98b4-ccfc9c2b5494,194,2025-09-01 14:22:56.660124,165.81,Online App
02a9fd5c-60fd-4a80-ac77-d15465bcbc30,252,2025-07-17 14:22:56.660130,114.36,Benghazi Center
ad5c07e4-32aa-4487-a7fa-136e2edb5e40,123,2025-04-05 14:22:56.660135,141.88,Misrata Market
e8f580ec-eede-4f16-9157-f93c63f15441,40,2026-02-21 14:22:56.660142,155.57,Benghazi Center
ff6f610b-6617-4bcb-b932-51aee7ff17e3,40,2025-10-01 14:22:56.660147,11.88,Benghazi Center
c689c72d-a4d0-4954-984d-8a84e8a40213,99,2025-05-22 14:22:56.660156,64.27,Misrata Market
2747757e-06c8-48a7-a998-5079bf692ef1,170,2025-11-15 14:22:56.660161,193.52,Misrata Market
57d585d5-ef5d-466a-9945-aa70386576ab,244,2025-10-24 14:22:56.660167,5.8,Tripoli Mall
a0b27ea0-bc8d-4f5e-9404-b6806c6a54a1,85,2025-03-19 14:22:56.660172,107.72,Tripoli Mall
760a1d79-3317-488f-bf69-8312ff14d8ea,207,2025-09-02 14:22:56.660178,65.28,Tripoli Mall
c7ce027e-2270-4f67-9f67-2f248a5a63c7,20,2025-09-01 14:22:56.660183,67.71,Tripoli Mall
b6d84db0-6b7f-48e7-9797-ac3abde2a9a5,198,2025-09-13 14:22:56.660189,194.64,Misrata Market
ce426182-2854-4932-8d0c-025f8faa7f80,144,2025-07-01 14:22:56.660195,6.49,Benghazi Center
911374cb-cf1a-404a-8fc9-0e73f3a37f17,155,2025-09-27 14:22:56.660201,94.05,Benghazi Center
5795b009-30fb-4746-a321-548b34eff9da,48,2025-09-08 14:22:56.660208,73.91,Tripoli Mall
33a5d71e-7d27-49d7-b423-202b550b6059,16,2025-12-26 14:22:56.660214,5.79,Benghazi Center
b6b416ba-9258-4233-96da-2bb494e09fcc,66,2025-07-04 14:22:56.660220,4.48,Tripoli Mall
63a25592-b2c0-4d58-b50e-faabc6658ae6,38,2025-08-23 14:22:56.660226,191.01,Tripoli Mall
34ea25be-b5f6-4df2-bd50-05377bab2e1d,9,2025-04-19 14:22:56.660232,141.78,Benghazi Center
55235c7d-abbb-4864-a0e2-201d15b32296,204,2025-05-27 14:22:56.660237,165.51,Online App
178629bd-5f11-459b-87f7-04b09b40ccaf,140,2025-09-24 14:22:56.660242,120.25,Benghazi Center
a2d34e0b-9552-48c8-99d1-1995cf208ac6,85,2025-07-31 14:22:56.660248,138.45,Benghazi Center
7a89d607-5c21-490c-9baa-b451fc171191,81,2025-03-14 14:22:56.660254,27.61,Online App
f2eb4f11-20e3-44ff-936d-bc9eaf94aca1,30,2025-04-27 14:22:56.660260,18.54,Tripoli Mall
90eae8de-5440-4789-a957-5ede8e82d4ec,50,2025-03-11 14:22:56.660266,61.97,Online App
0fa77230-c73f-40f6-a95b-93b2486e47b7,163,2026-02-11 14:22:56.660272,112.46,Online App
930487a2-b82c-46ad-8fd5-472a05184b7b,38,2025-09-14 14:22:56.660277,109.11,Misrata Market
cab23baa-2a79-47fe-9e0d-cd103a4a49d3,179,2025-10-16 14:22:56.660283,189.7,Tripoli Mall
1871810d-c793-4bb7-acc8-1b547756673b,55,2025-09-26 14:22:56.660289,196.25,Tripoli Mall
1d7dfa3a-b23d-4ccd-ae42-bfc9cb1b619d,100,2025-12-15 14:22:56.660297,147.0,Tripoli Mall
71de9c63-8d64-4e9e-835a-2a0fb2d70204,69,2025-10-03 14:22:56.660305,59.09,Online App
6b50e840-3233-4e9d-9542-53085ae4db7b,233,2025-08-03 14:22:56.660312,41.53,Benghazi Center
236f97c7-ce89-4fe4-8db1-6f84bbf9a5f2,106,2025-05-10 14:22:56.660334,131.91,Benghazi Center
5ddb6415-e19d-42a9-b642-26386fb7939a,260,2025-11-18 14:22:56.660341,11.87,Online App
41815f15-4bf4-4559-b8e4-0caa9f149989,128,2025-03-19 14:22:56.660351,104.72,Online App
c8355f83-f4f2-42bf-8851-a1814d7b41f6,92,2025-12-11 14:22:56.660365,74.21,Tripoli Mall
66cfa9e7-c1a6-4251-bc9d-cd68aba5aa23,275,2025-06-25 14:22:56.660372,174.72,Online App
853c98ff-ec5f-4b31-a3df-574327851083,119,2025-05-22 14:22:56.660394,33.41,Misrata Market
c5402f67-8bd4-4f7e-8408-56926d3c7134,171,2026-01-23 14:22:56.660403,62.94,Benghazi Center
699d7850-aeef-40b5-806d-1dac63da567d,230,2025-10-31 14:22:56.660413,187.57,Tripoli Mall
bb8ec39b-e8ee-4f44-8412-a59a2cd09c4c,252,2026-01-11 14:22:56.660420,87.25,Benghazi Center
8275ec38-8b6d-429f-b141-5f9eeb221c5f,184,2026-02-10 14:22:56.660427,63.46,Tripoli Mall
b322c195-880a-43c3-9fa6-c64045c2a53a,126,2025-10-19 14:22:56.660434,162.17,Benghazi Center
6b892c21-4af4-46f9-b61d-cc559534d231,20,2025-03-18 14:22:56.660441,49.47,Online App
02cdffc5-e53a-41ec-9b6e-50f89a852fdf,148,2025-10-26 14:22:56.660453,134.06,Benghazi Center
3ce9f401-f525-4e69-a732-d55d64755b1c,27,2025-03-07 14:22:56.660460,199.4,Benghazi Center
536e84e4-ba27-490f-9fab-f9e818ed68ac,97,2025-05-17 14:22:56.660468,15.37,Benghazi Center
d35fd55f-77d9-4626-8bef-d518e7189053,7,2025-07-24 14:22:56.660476,92.58,Online App
7eec19d6-34f7-4df0-b518-22165451bb2b,226,2025-09-10 14:22:56.660483,191.55,Benghazi Center
4811f212-d50c-46fc-987f-3c894153f241,94,2025-08-27 14:22:56.660490,137.99,Online App
a125caef-3922-4c30-869f-b9ae9f20afc2,282,2025-03-16 14:22:56.660497,144.6,Benghazi Center
65107190-0c0b-457a-b3ad-81f06fdd7dd1,275,2025-05-01 14:22:56.660505,58.43,Online App
e6cdd1c2-65e8-49a5-bea3-3217c6d006ae,151,2025-09-17 14:22:56.660513,191.01,Misrata Market
45413fd1-5403-40c5-8421-f533ca3d2f6b,205,2025-12-24 14:22:56.660521,108.79,Tripoli Mall
acd70b5f-fc5c-43e7-be13-7fac83ca4f66,108,2025-06-23 14:22:56.660529,53.77,Benghazi Center
248f1b3c-63da-4962-822d-2c7f9e686770,241,2025-04-26 14:22:56.660537,126.56,Tripoli Mall
b1b1b38f-5776-402b-ac06-06409eab5044,79,2025-07-25 14:22:56.660548,35.59,Misrata Market
e3024f9e-a39c-4093-a2bf-eeb506ffcfc6,292,2025-10-10 14:22:56.660556,167.31,Online App
bbf87f23-d3a0-4193-80c9-8144a2091dfa,169,2025-08-11 14:22:56.660563,15.97,Tripoli Mall
a9f1c222-522f-451c-b8e7-93a2d051c7cd,25,2025-08-29 14:22:56.660571,36.35,Tripoli Mall
7106ef81-0beb-414e-9d22-9e44cd79bfba,136,2025-07-01 14:22:56.660578,77.47,Benghazi Center
a0c860b3-32d2-4db6-8f5a-d5ff05a232e6,154,2025-06-19 14:22:56.660586,173.14,Online App
00c058a2-3ffb-44fc-92c5-07c3325091cf,6,2025-04-12 14:22:56.660594,68.95,Tripoli Mall
00597c0b-e6b6-4918-a682-9af4d98d65ef,286,2026-02-13 14:22:56.660602,160.81,Online App
27892717-8cfd-403b-b6af-a360e7a1c6b0,176,2025-04-15 14:22:56.660610,198.49,Online App
7aeaae04-8dae-4905-9986-6a1280944c74,84,2025-07-11 14:22:56.660617,148.82,Online App
ec969400-483c-486b-8b7d-df4280f33379,252,2025-03-01 14:22:56.660624,10.99,Tripoli Mall
8b8a8e98-ddc6-4c66-a779-dcfd0a3fc9ff,182,2025-12-01 14:22:56.660636,18.54,Misrata Market
0c2f0abb-745c-4fea-b859-7d14908436e6,131,2025-11-23 14:22:56.660646,99.71,Tripoli Mall
8e03c8f9-8879-4923-8fa1-358950d0cfcd,57,2025-04-25 14:22:56.660655,100.6,Online App
6542f4c5-2396-4ae7-8151-b724c47b8479,10,2025-06-06 14:22:56.660663,171.48,Online App
65a3a628-9fa7-4f03-ba7e-1c59a28d76e7,164,2025-07-21 14:22:56.660671,27.46,Tripoli Mall
74ae3baa-16f7-4de9-b9c7-1edc8956180a,159,2025-06-01 14:22:56.660679,52.37,Benghazi Center
4f5db795-b465-48cd-8c54-969ab8adb09c,132,2025-07-26 14:22:56.660686,94.01,Misrata Market
91c74141-f035-47d2-ba1e-c02c302a55f7,96,2025-04-28 14:22:56.660694,30.07,Misrata Market
091dfa7d-0c65-4297-aace-0bfb1f10b138,95,2026-01-13 14:22:56.660701,66.79,Benghazi Center
f7af5faa-23f6-4c36-8781-e68e5d4d4a24,272,2025-11-12 14:22:56.660708,117.8,Online App
830fb969-bcb0-40ae-adeb-025a172f6ef3,236,2025-05-18 14:22:56.660716,28.24,Online App
6e68e323-4ca9-4738-9b23-0db55e559586,254,2025-09-18 14:22:56.660723,161.18,Online App
50c3f436-df87-4663-aebe-07f20ff9a38e,182,2025-05-20 14:22:56.660731,52.14,Benghazi Center
7a48ad65-d1cb-4708-b81e-b18d78495166,32,2025-05-18 14:22:56.660738,8.23,Online App
1ceaf39e-8316-4ff6-aee5-dadc07b7870d,236,2025-03-07 14:22:56.660746,93.83,Misrata Market
dc2dfe94-fa78-4026-959b-4471888a7ba8,113,2025-10-19 14:22:56.660754,199.04,Tripoli Mall
6070d7fc-dc24-4d41-95da-e1a60b44caf1,202,2025-12-30 14:22:56.660761,47.5,Tripoli Mall
0fa27440-5b0e-45db-a8ae-a6bbeabd0ab9,116,2025-08-12 14:22:56.660768,173.7,Benghazi Center
b33cf9b6-158f-48a4-a847-bf3ed60ac5fb,298,2025-06-03 14:22:56.660775,162.34,Benghazi Center
37531f6d-3218-4d26-b7b4-a606c4341064,51,2025-07-22 14:22:56.660783,155.75,Benghazi Center
2c7638d1-83aa-4650-abc3-759d6067da8d,1,2025-09-20 14:22:56.660791,115.04,Online App
d1bad9a0-1590-416c-a403-5588b4220b43,65,2025-12-01 14:22:56.660799,76.94,Benghazi Center
f8dac397-9e9e-4702-8ac6-d8b33207cf89,105,2026-01-24 14:22:56.660806,194.76,Tripoli Mall
76353134-071d-45fd-98a4-4f93710de7a0,145,2025-02-27 14:22:56.660814,40.11,Misrata Market
2c4c94bb-545a-4fa9-84a5-c92a7ae57ecd,223,2025-06-19 14:22:56.660822,128.38,Online App
e973bd30-08db-4654-b892-8c0b11b68716,183,2025-09-29 14:22:56.660829,75.28,Tripoli Mall
754cc7cd-3caa-4e8d-b3ed-e3f791f0e559,32,2025-11-03 14:22:56.660836,55.52,Misrata Market
4cc7e62f-aaf4-4c7c-adc8-f806be84550a,52,2025-07-01 14:22:56.660843,94.4,Tripoli Mall
4d737dfd-a64a-434b-bc5c-19be05d9b1a6,259,2026-01-08 14:22:56.660851,101.21,Tripoli Mall
046ccf6a-e6c9-4009-adb0-b3704faa79fe,83,2025-07-12 14:22:56.660858,48.11,Online App
b7c26bc6-b694-413f-9aa6-87e1a4d75937,152,2025-08-19 14:22:56.660865,176.05,Misrata Market
3fd290a1-2370-4b77-8aa0-d6f056f33fad,13,2026-01-22 14:22:56.660872,52.55,Online App
a4764e14-5e0a-4b99-9063-4f20ffa11c03,78,2025-05-06 14:22:56.660882,23.46,Tripoli Mall
b4614f17-f12f-40bb-80da-fbbb9ec09359,45,2025-03-12 14:22:56.660890,90.25,Tripoli Mall
a6b9c5fc-2b43-4224-b061-ff05ad3e477e,59,2025-09-20 14:22:56.660900,83.39,Online App
39447aec-8646-4fc3-b62d-d99cf27e822c,279,2025-07-11 14:22:56.660907,41.92,Tripoli Mall
bbb42b6c-267a-4029-8879-61a500c4084a,85,2025-07-21 14:22:56.660916,77.78,Online App
63541aa7-10c3-49c4-930d-aa9b8d0dd4ab,30,2025-10-26 14:22:56.660924,34.08,Benghazi Center
79e8e3dc-d0e2-4d35-b952-342fed84a252,79,2025-05-12 14:22:56.660931,60.54,Online App
727f61ef-8499-44c3-9908-a327c7cde9d7,85,2025-08-29 14:22:56.660938,150.76,Tripoli Mall
46dfb5e4-c870-4837-a905-6d2eb62fa877,131,2025-05-05 14:22:56.660946,141.48,Tripoli Mall
94b56845-5419-4a32-b1f8-1cf98fe43a27,89,2025-07-11 14:22:56.660956,19.55,Online App
0adc6a70-8876-44bc-998b-93fd2ddd1c1a,17,2025-05-06 14:22:56.660964,53.39,Tripoli Mall
43d87def-72c5-4f6e-b71c-37d428395f33,27,2025-09-21 14:22:56.660972,158.08,Misrata Market
41f84be2-7fb8-481b-a7ea-cb76cc43d27c,60,2025-11-28 14:22:56.660980,158.04,Online App
47eea4eb-2cc0-473c-b2a7-334936914ef8,167,2025-06-16 14:22:56.660987,144.1,Misrata Market
bee0385d-65bd-44ab-b693-d994c2134946,239,2026-02-20 14:22:56.660993,166.23,Online App
a0de3420-64fa-4758-b110-b2f69119f0f3,140,2026-02-25 14:22:56.661000,167.8,Online App
5f478b9d-b57b-4302-93ad-667327e04a6f,182,2025-05-15 14:22:56.661011,21.21,Misrata Market
ff44d2c6-d5ad-42ea-8ce1-e075ccdea7e7,100,2025-07-22 14:22:56.661018,79.34,Benghazi Center
4d8426af-bf62-4cca-ae84-f777d9a476ef,122,2025-07-12 14:22:56.661026,43.38,Tripoli Mall
7a97a786-c185-47fe-b7fd-b8d2d66643b3,207,2025-10-30 14:22:56.661034,167.95,Misrata Market
375ca85d-5bf4-40e4-85b9-452154c275d2,77,2025-11-15 14:22:56.661042,80.54,Tripoli Mall
d7e155b0-9eb5-48ea-82c4-8c546a4a8677,198,2025-10-28 14:22:56.661050,55.74,Misrata Market
d592f9fe-4778-41be-87d6-df712c10050e,182,2025-10-01 14:22:56.661057,111.11,Benghazi Center
49bde8f8-e92c-41b5-bd24-44f0c2758b84,187,2026-01-26 14:22:56.661064,198.82,Benghazi Center
6a9ff2ad-8f76-4269-90e8-c5fa5af7add8,207,2025-09-27 14:22:56.661071,65.41,Benghazi Center
852f85d9-5d4f-4002-a4f3-10d9ba066d44,106,2025-12-11 14:22:56.661078,40.71,Benghazi Center
6385832b-ff69-4f64-b9ff-7fd98dd03851,57,2025-05-11 14:22:56.661086,113.0,Tripoli Mall
012bf0f4-ca1d-402a-a778-5866a3e932c6,170,2025-08-27 14:22:56.661094,107.29,Online App
3473f00c-2914-43f2-a24c-9852bd787d47,193,2025-07-05 14:22:56.661101,179.67,Online App
b04bca8c-aa02-443b-aecf-dae1a938adeb,233,2025-08-13 14:22:56.661109,174.26,Misrata Market
56757573-d6a6-48d7-83d7-43eca9b857eb,61,2026-02-18 14:22:56.661116,93.94,Misrata Market
22fbc4f4-432e-42dc-9892-0ebe8af5e5d6,296,2025-11-27 14:22:56.661124,195.38,Tripoli Mall
937d529a-d01c-4003-a9e7-0d165e71430b,146,2025-07-19 14:22:56.661131,152.89,Tripoli Mall
9b906ed3-5ec2-4038-a312-85231fc5d2e0,65,2025-12-28 14:22:56.661139,56.13,Benghazi Center
defc6955-bf6f-4892-a37b-7bffaf0e5c9a,232,2025-08-17 14:22:56.661149,91.48,Online App
290957a4-34ca-4e1f-a459-5443e4dd9dd5,159,2025-09-13 14:22:56.661157,142.97,Benghazi Center
12d584d8-4b7a-4d80-acc9-f7577bcacf82,133,2025-12-10 14:22:56.661163,4.68,Benghazi Center
70db3c96-2b42-439c-bab7-2d82604179b3,103,2025-06-13 14:22:56.661171,8.41,Misrata Market
01ba0c3d-24d1-4b19-9691-ca2a7a124633,82,2026-01-18 14:22:56.661179,172.71,Online App
4edafcac-41cc-4827-89b1-5ca9530f2738,108,2025-12-15 14:22:56.661187,124.11,Online App
129ff6ad-38f7-4a72-b227-e447650cbe95,141,2025-04-07 14:22:56.661194,53.64,Online App
38310d2a-fd2f-4929-a7cd-1aeb72a4fc9f,71,2025-09-23 14:22:56.661202,51.2,Misrata Market
76fe095a-5586-41ce-b105-d13c6e03e48d,242,2025-05-02 14:22:56.661209,97.58,Online App
6616866f-617b-4562-b43a-4bdcba3efb5f,255,2025-04-18 14:22:56.661218,141.76,Online App
7fe6df62-710f-41a7-89a4-d592da544d5f,279,2026-02-17 14:22:56.661226,126.24,Online App
9335568f-4ca8-49fe-bd6b-c23dcaaa2c6a,107,2025-07-31 14:22:56.661233,51.05,Tripoli Mall
33e0c90d-bea3-4fc0-8e05-585eedac4f27,65,2025-04-08 14:22:56.661241,84.65,Online App
4b12d5f4-ae43-43bb-bb02-ebc09d8f7c3b,157,2025-12-10 14:22:56.661248,186.3,Benghazi Center
72e9e5eb-69c8-4a7b-b9dd-a4c2e4f528af,206,2025-10-15 14:22:56.661255,93.73,Online App
2e77f230-b659-4dda-ae28-b59c65f54d3a,218,2025-12-14 14:22:56.661262,199.95,Misrata Market
a6de1a8f-deb1-4dac-a74b-c094d75315e1,115,2025-09-18 14:22:56.661269,93.03,Benghazi Center
a008faaf-236d-4654-bd1b-f169f1032226,145,2025-08-12 14:22:56.661277,152.48,Tripoli Mall
45f46a31-4d4b-465a-ac1b-b3e05a88a425,66,2025-04-17 14:22:56.661287,167.16,Benghazi Center
48c3a160-4596-43f0-a428-2c9f07a402bf,54,2026-01-14 14:22:56.661294,195.74,Misrata Market
eea5874e-c331-488e-b12c-9059cc1ab3ef,242,2026-02-27 14:22:56.661302,102.08,Online App
a4a14e71-3df3-47ff-8b81-a9e5f8af09f2,235,2026-01-12 14:22:56.661309,198.81,Online App
14f21e21-dffe-4711-a0b9-a060774182c0,111,2025-03-08 14:22:56.661317,48.9,Benghazi Center
c974e4b8-d05f-4d87-be4e-259961baaa76,264,2025-07-19 14:22:56.661325,87.75,Benghazi Center
953df0cd-643b-4a7b-95d0-b91d4130f63e,207,2026-01-28 14:22:56.661333,25.79,Tripoli Mall
589e28bc-744c-46cd-b9f3-709a0f1c205d,177,2025-08-24 14:22:56.661341,38.13,Misrata Market
a6de0ae8-b6f1-4925-a5cd-6ad2f5d8c629,185,2025-03-25 14:22:56.661349,8.39,Online App
b60d9b7e-084b-48c3-955d-0dbad91c5399,88,2025-05-02 14:22:56.661357,5.54,Tripoli Mall
983a5df5-5df3-46e2-8f9e-ff05ba5005f9,24,2025-09-09 14:22:56.661364,80.08,Benghazi Center
b05d8647-4051-403c-b683-28467ec36b9f,80,2025-11-21 14:22:56.661373,185.89,Benghazi Center
ef54465f-c139-442e-9dd3-afe901647b0a,116,2025-03-06 14:22:56.661382,69.12,Tripoli Mall
633cb1ee-3692-4a6d-bfff-43e3dbc12969,214,2025-10-08 14:22:56.661390,79.46,Tripoli Mall
e9dd12e5-7faa-41b6-bd38-5156221ef453,121,2026-02-19 14:22:56.661406,71.12,Misrata Market
2d583673-4709-4939-b6b5-e879eadd68be,269,2025-09-17 14:22:56.661413,10.12,Benghazi Center
cdd8d814-bf71-4c96-9305-8ceb1afc73a5,218,2025-12-14 14:22:56.661421,133.85,Online App
e6917ba2-5355-409e-8437-569e8aa72815,146,2025-10-28 14:22:56.661428,124.14,Online App
e6b8559a-7855-4dff-91c8-383a9476c040,231,2025-05-14 14:22:56.661433,192.14,Misrata Market
bb52cb3f-847d-4823-947b-0c7e9e1ad6ac,236,2025-09-02 14:22:56.661440,151.99,Misrata Market
3563d3c5-76a5-408c-8f51-547e1d91d466,276,2025-08-01 14:22:56.661446,119.93,Online App
c78f85dc-7bbd-4cfa-9c99-91c78571c091,132,2025-11-30 14:22:56.661457,92.5,Tripoli Mall
49df5f06-b73e-47ea-9f6f-01398872907a,16,2025-11-25 14:22:56.661463,9.87,Online App
467a11e0-3c1d-4461-ac53-2362f671cf70,137,2026-01-11 14:22:56.661469,99.28,Tripoli Mall
6edcb3c2-b95b-45c6-aa16-f39793b0f2b6,45,2025-09-27 14:22:56.661475,3.45,Benghazi Center
64ef4aa3-249d-4b96-a615-9d3a2279aaf2,7,2025-10-05 14:22:56.661480,100.42,Misrata Market
b840e446-1ba5-4877-ac92-f3d5dc82bb62,179,2025-07-22 14:22:56.661486,152.3,Tripoli Mall
c2176b75-f46a-4b05-b706-62b3bd7b4d30,253,2025-08-16 14:22:56.661492,76.09,Online App
9dbe8232-266b-4e43-9a26-9035cb02beed,285,2025-09-15 14:22:56.661497,168.77,Online App
f7b991d0-39f8-4a76-89a5-ee1047ff22da,134,2025-04-01 14:22:56.661503,19.06,Benghazi Center
8ffe51dc-a77b-4949-85ea-77f704324211,252,2025-04-19 14:22:56.661508,135.82,Tripoli Mall
d4324c71-0496-446b-b9be-12cebde2d006,104,2025-04-23 14:22:56.661514,124.83,Benghazi Center
a684e1c2-4dd3-4170-ba0b-7c06094557d9,235,2025-04-09 14:22:56.661519,37.27,Online App
fce504dc-e75e-43de-acf4-c9d64ec00c4c,56,2025-10-09 14:22:56.661527,164.57,Tripoli Mall
e19e6f46-ca14-4307-bf12-0d8403f4fc4e,280,2025-05-01 14:22:56.661533,114.29,Benghazi Center
fa8b9b4f-1f85-4b04-9aa2-589da83c4c76,71,2025-10-11 14:22:56.661539,57.46,Online App
b91536c0-a926-4405-9171-75af10828525,92,2025-05-03 14:22:56.661544,112.68,Misrata Market
254038e7-5945-4afd-9577-4dd462fc1871,108,2025-02-27 14:22:56.661551,88.28,Misrata Market
ff9ab143-f208-49c4-aad8-63843ea88b39,14,2025-08-04 14:22:56.661557,54.52,Benghazi Center
4e86766d-58c3-4286-aa9e-165d6ad32f02,190,2026-01-13 14:22:56.661562,175.13,Misrata Market
95bfa698-6b84-4edd-b955-1a05d616fb88,273,2025-12-31 14:22:56.661568,130.45,Tripoli Mall
3d695456-8c22-493b-8871-990497e52ee7,128,2025-10-28 14:22:56.661573,4.92,Online App
9e847eeb-b7a5-4888-817e-2f4e3b3572bf,16,2025-09-29 14:22:56.661579,80.97,Online App
aefd5d66-9ea1-4a46-9a5a-02577e87479f,248,2025-07-11 14:22:56.661585,199.06,Online App
e1256050-dd6b-48be-a1a7-9e9e2531ea0e,152,2025-03-07 14:22:56.661590,5.66,Misrata Market
83d7079a-25be-4294-ba55-a4ba3cbf8f25,153,2025-11-28 14:22:56.661595,24.08,Tripoli Mall
abb6fa67-c836-4243-a3cc-8dbc45dbee00,137,2025-10-06 14:22:56.661608,135.12,Online App
3f04d1cb-e056-47a1-a725-cbcced8bcac6,288,2025-04-03 14:22:56.661614,195.34,Benghazi Center
de3b0a78-cb56-44eb-94e0-748ab752a35d,289,2026-02-10 14:22:56.661623,82.07,Misrata Market
70ede596-fdc1-455b-a59e-e12dd29c40cf,114,2025-04-01 14:22:56.661630,150.77,Benghazi Center
091c017e-9892-469b-92f0-df369b2a8f41,99,2026-02-09 14:22:56.661638,182.09,Benghazi Center
19188d32-6109-41d1-a099-931de4fcf672,184,2025-10-22 14:22:56.661644,106.06,Benghazi Center
cf740525-2211-4a09-bb15-575931c8bd8e,285,2025-03-09 14:22:56.661649,71.44,Misrata Market
4cdb0870-49eb-456f-b687-a679474cff4b,167,2026-01-05 14:22:56.661655,53.23,Tripoli Mall
daa6913c-6b49-4b96-b7e3-0e584e49d99b,119,2025-09-06 14:22:56.661661,124.67,Online App
31d4db28-3a35-44a2-af15-3b25915c2520,142,2025-02-28 14:22:56.661667,194.64,Misrata Market
678fbb85-6da0-4607-a6f8-2aa07b4c3d5c,286,2025-08-03 14:22:56.661672,152.79,Benghazi Center
4fca2faf-2b2b-4f08-8b1f-e7c863d94007,41,2025-11-06 14:22:56.661678,29.59,Online App
7bad386c-9f6f-480e-a7e4-9c4a25711030,248,2025-03-06 14:22:56.661683,94.34,Online App
62490bf3-cd8b-4541-b623-3f78e1491548,133,2025-10-19 14:22:56.661689,42.37,Online App
af72c937-59b1-47ae-ae03-2fa216b9023d,156,2026-01-07 14:22:56.661695,121.36,Online App
9926fb57-cf43-4ede-8299-15a29bd5d71f,96,2025-12-01 14:22:56.661701,192.91,Tripoli Mall
8b009275-deb1-4f68-8ada-98902a6e723e,219,2025-05-03 14:22:56.661707,120.64,Tripoli Mall
6e2de78b-49f8-4859-9b7b-b46ad8652c7e,246,2025-08-14 14:22:56.661712,29.75,Benghazi Center
90c2a151-b4e5-4604-afec-ceb77880aa5b,51,2025-08-17 14:22:56.661718,125.53,Tripoli Mall
e210545b-1387-4784-93ba-b416f679fd7b,114,2025-08-14 14:22:56.661724,68.23,Tripoli Mall
6f69146e-8981-44b0-afb9-1e4bc17a9cf7,113,2025-11-26 14:22:56.661729,108.51,Online App
4ec28e4a-76c5-4656-bd44-7010e11237e1,139,2026-02-18 14:22:56.661739,94.93,Benghazi Center
a9bbc4c3-803d-4697-9b0c-8bf77837bebf,285,2025-08-07 14:22:56.661756,38.8,Online App
21650b8d-7198-430b-92e9-106896ad5043,96,2026-01-01 14:22:56.661762,100.77,Misrata Market
79947c35-806a-4cd2-9ea3-574eea17330f,85,2025-08-02 14:22:56.661768,96.51,Benghazi Center
e0c3059c-9813-40a6-a1f0-7b1261c2cbd7,230,2025-04-25 14:22:56.661774,28.86,Tripoli Mall
21070424-c84e-45ca-bdb3-87c6480bc463,165,2025-11-25 14:22:56.661780,178.55,Misrata Market
55c96198-4d74-461b-9211-d85f41b80ca9,18,2025-11-05 14:22:56.661786,165.66,Benghazi Center
444eec9c-3b7e-491d-b066-de3cae10960d,84,2025-08-11 14:22:56.661797,8.61,Online App
29f03ff7-82ee-43f5-a11d-3850f3b20216,47,2025-03-26 14:22:56.661803,174.93,Misrata Market
8c21d41f-cd08-4543-a4b9-4f4546317a05,204,2025-03-04 14:22:56.661827,78.08,Online App
297f8214-fe37-4442-bc02-99e725e00edc,233,2025-06-07 14:22:56.661835,103.96,Benghazi Center
a0813084-926d-46d0-9e4c-9f9100680567,209,2025-03-19 14:22:56.661845,139.57,Benghazi Center
fd58674a-61cb-4dba-96bf-bde417d8c789,257,2025-05-30 14:22:56.661851,126.89,Tripoli Mall
8a9427a4-d2f8-4151-a8da-128ab5237ae8,4,2025-07-31 14:22:56.661862,145.13,Benghazi Center
e442313c-ae59-4fd3-ac0f-56769799b650,72,2025-12-18 14:22:56.661870,149.48,Benghazi Center
0b7a44be-85d5-4cb6-b69d-27a754970257,263,2025-12-03 14:22:56.661877,29.0,Benghazi Center
a5da7232-aa63-4464-a8ff-6fc942fbb168,64,2026-01-08 14:22:56.661885,138.77,Benghazi Center
0f1e0c0f-1d77-4151-884a-2f0a474b62c0,70,2025-09-23 14:22:56.661893,28.17,Tripoli Mall
5242774b-47a8-439a-82b9-0d79f59af5e3,188,2025-11-07 14:22:56.661905,14.14,Online App
c4028ac6-b521-432d-9019-6864a0d2e464,289,2025-10-23 14:22:56.661912,118.21,Online App
dd395a2b-f61d-4cb7-89d2-b292b23f770b,234,2025-08-15 14:22:56.661920,117.99,Benghazi Center
2a658418-df55-4703-b650-8433a975f09a,126,2025-07-12 14:22:56.661927,194.82,Benghazi Center
60c500fc-20c8-418b-87a5-306475d1807a,58,2025-10-23 14:22:56.661934,160.4,Misrata Market
72378b07-0746-4ef2-b0b3-f97de9680e78,164,2025-07-27 14:22:56.661942,14.25,Misrata Market
73385c56-7efe-4c93-8fc3-468fb7e9cf7c,37,2025-10-06 14:22:56.661948,67.11,Tripoli Mall
45c0f926-85f7-4873-9d2e-c208d2b04f6d,163,2025-12-05 14:22:56.661956,185.23,Misrata Market
195edb40-4e8a-40d5-9135-b0748dd17e65,300,2025-03-25 14:22:56.661962,91.37,Online App
8990f302-8deb-4aa3-acbf-355c997dc4d8,174,2025-07-19 14:22:56.661970,94.86,Online App
5f7bf78c-3716-43d9-9f6f-684fe87978e5,204,2025-12-23 14:22:56.661978,140.79,Benghazi Center
0154362a-9deb-4268-b95a-d7d1be57f013,158,2025-11-03 14:22:56.661985,169.67,Tripoli Mall
d4ac6c53-d02d-4c18-a516-ae38af5c4949,242,2025-11-26 14:22:56.661993,8.44,Online App
396443b5-e5e5-4d30-b35b-7ada3a4e067b,155,2025-05-12 14:22:56.662001,23.29,Benghazi Center
8c93c3be-2527-45ee-a47e-a282bfd57755,136,2025-03-05 14:22:56.662007,130.64,Online App
bf907243-394f-4b74-a7a5-cc91e1c788c7,182,2025-11-27 14:22:56.662016,147.04,Tripoli Mall
a20d4ab2-0ffa-4318-b553-dc67269137c5,50,2026-01-04 14:22:56.662029,110.61,Misrata Market
d94881e7-bfc6-48f7-8455-6c13199e1ab6,45,2025-03-24 14:22:56.662036,44.01,Tripoli Mall
85c07dfd-0ab6-4dc2-8ff1-bee7fd6945bd,100,2025-04-07 14:22:56.662042,170.0,Misrata Market
c5ee6c6a-fb3c-4b0e-8576-f16362354be9,261,2026-02-26 14:22:56.662050,67.38,Tripoli Mall
c7ffca2d-b962-4241-9586-ba8154cacf7b,215,2025-05-23 14:22:56.662058,68.64,Benghazi Center
f231184a-55a5-4b60-91c2-299190c5108f,282,2025-04-14 14:22:56.662065,73.13,Tripoli Mall
54385ab7-b70e-4f15-adac-c21357c800e0,100,2026-02-15 14:22:56.662072,14.25,Tripoli Mall
fba72754-b9a1-4fa3-85bc-4be09dc289c9,52,2025-06-12 14:22:56.662080,22.33,Tripoli Mall
e911afa8-81df-4a6c-b7c2-7fc3e699742f,36,2025-03-04 14:22:56.662087,52.75,Tripoli Mall
b6a3a31e-22cf-4fcf-9923-84f5c2ce2cc5,266,2026-02-15 14:22:56.662101,22.9,Benghazi Center
019b6344-a00e-470f-9977-4d687f1919ae,120,2026-02-08 14:22:56.662109,152.87,Benghazi Center
d26a73f7-9dd2-403d-9eb2-848beeca7f69,265,2025-10-19 14:22:56.662116,82.89,Tripoli Mall
c04adf17-797e-42a3-bf48-e5a8e420bf49,180,2025-10-11 14:22:56.662124,98.93,Misrata Market
9b65ba96-13e9-49c5-8230-12d6098d6e69,170,2025-09-17 14:22:56.662131,143.96,Online App
3222261c-f30c-4e3a-9d3f-382b0a7f7c5c,74,2025-05-01 14:22:56.662137,53.29,Tripoli Mall
4badb5b7-c2df-4b23-bce9-63c8d2d965b4,300,2025-10-05 14:22:56.662144,172.22,Benghazi Center
cf3c6349-780e-4770-b0d6-bcfc34624388,160,2025-12-15 14:22:56.662153,3.74,Tripoli Mall
c0aad243-16ec-42ac-bf35-ae526aa02281,177,2025-04-22 14:22:56.662161,149.25,Tripoli Mall
2b1f263d-03da-4e94-8cd9-d9769f9018e6,172,2025-10-01 14:22:56.662170,81.32,Misrata Market
979e15c1-5c49-4470-937f-be35cdae5322,242,2025-12-12 14:22:56.662178,178.41,Tripoli Mall
8ea9c326-78b7-4f08-bc65-dc4be2df57e4,37,2025-10-16 14:22:56.662185,132.61,Benghazi Center
99f49ac5-0abf-462d-9a11-1896ebc4e8e5,180,2025-12-23 14:22:56.662192,12.99,Online App
a100c0f1-5f11-4fff-9b7c-fbbeb8a815a0,70,2025-07-19 14:22:56.662200,167.3,Online App
29e71ee2-9d6c-44e7-9f12-a86a0006b96a,243,2025-12-24 14:22:56.662207,84.74,Benghazi Center
319c0e42-73df-41c6-82bd-8663e52b8f40,191,2025-03-13 14:22:56.662215,19.61,Online App
109c8dff-9054-464f-a27a-74e8bc6b426c,22,2025-05-23 14:22:56.662223,130.13,Misrata Market
e457881e-0b13-4de6-936b-efe720899295,21,2025-02-28 14:22:56.662230,168.36,Misrata Market
3fb157f8-2c39-48cb-9032-2ac80f256df8,102,2025-10-05 14:22:56.662238,165.04,Benghazi Center
58cdc78c-4109-48d8-bfa4-2d33657d7db4,20,2025-11-10 14:22:56.662245,116.67,Tripoli Mall
fde1bf1d-2506-408a-ae49-f9b6491e5f25,203,2025-10-08 14:22:56.662252,22.17,Online App
32f35676-9b5a-4f39-aa90-68a6819da9b1,49,2025-06-18 14:22:56.662260,161.18,Misrata Market
b41f1409-48e4-4a5a-8beb-63e5c1aae492,107,2025-05-12 14:22:56.662266,120.33,Tripoli Mall
ffe3111b-b6f3-4282-97cc-e83ffd570543,117,2025-12-22 14:22:56.662274,199.43,Benghazi Center
0ceccee1-d7f2-4672-bdd1-dfea85c367bc,82,2025-11-10 14:22:56.662282,144.44,Online App
02b8160e-7d20-4d57-a551-a4c0a74e723e,2,2025-08-24 14:22:56.662291,5.5,Tripoli Mall
7a78c58f-8dd7-44d0-b8ce-f3911f5be2af,256,2025-11-12 14:22:56.662299,113.75,Misrata Market
9f01c657-b68f-4ab3-9a73-f049d12e90d0,74,2025-12-25 14:22:56.662306,141.21,Online App
f2f88ce2-f646-48e9-8476-ef1109f39fe2,212,2025-12-16 14:22:56.662313,16.65,Benghazi Center
d2c7016f-0f31-4069-89ca-ee5ef130b22a,220,2025-09-27 14:22:56.662321,57.52,Tripoli Mall
1cd49428-5c13-4d87-8c89-6afbfd808fe8,291,2025-06-17 14:22:56.662330,56.88,Misrata Market
07763bbe-3b22-4603-8745-eace1cc986db,17,2025-06-16 14:22:56.662337,102.9,Tripoli Mall
652202ee-a029-4aa9-812c-80c0b8bda61d,278,2025-09-06 14:22:56.662345,113.68,Benghazi Center
b46e4298-be53-45c1-8c61-d6ceceb083e9,230,2026-02-22 14:22:56.662353,52.32,Online App
acbd4c68-467a-43e7-9c42-81dd7a4f04e6,90,2025-10-17 14:22:56.662369,90.24,Misrata Market
b7850581-f92c-4f71-9750-aa6132a72895,102,2025-07-17 14:22:56.662380,195.73,Tripoli Mall
821eaf95-818a-4d00-a769-c2658d8ca087,95,2025-11-07 14:22:56.662388,4.29,Misrata Market
169b5c40-835e-4ab8-b62c-983c820674be,161,2025-11-19 14:22:56.662396,146.67,Online App
194d84c0-eb01-4107-ae9a-b4d7ec828b80,149,2025-02-27 14:22:56.662403,192.6,Tripoli Mall
a492f647-1f24-4eac-9c45-924eed10d72a,177,2025-05-16 14:22:56.662413,88.89,Tripoli Mall
519db9ea-66a9-437f-b78b-a70c33d63025,208,2025-08-24 14:22:56.662421,99.28,Benghazi Center
d0859891-81c1-435d-a743-97a2d2cfa14a,221,2025-04-13 14:22:56.662429,145.73,Tripoli Mall
40b0d5f6-88f8-45a0-b421-f5307448cb7e,82,2025-10-31 14:22:56.662436,167.16,Tripoli Mall
ae21996d-9877-44e9-bd6c-487d7328a98c,250,2025-10-27 14:22:56.662443,93.65,Benghazi Center
87c32777-315c-4552-92c2-3463920106f7,18,2025-10-04 14:22:56.662451,125.96,Misrata Market
fb1cd4c0-84f7-4ca1-b9ed-c5284b83fe9f,142,2025-08-03 14:22:56.662459,45.53,Benghazi Center
3ed9f115-3c03-4e63-84dc-f2af8bc53c9f,60,2025-08-05 14:22:56.662467,131.36,Online App
814c6ea3-8b5a-4e0a-ad86-745d519efec8,212,2025-05-16 14:22:56.662475,190.62,Tripoli Mall
918022ec-a924-4108-b519-4db7ef97d116,77,2025-09-23 14:22:56.662482,24.18,Online App
9f8f7b20-2a41-45e6-8dd0-653d9dff88a0,44,2025-06-04 14:22:56.662489,102.2,Benghazi Center
5ecc8996-ff4e-4ac8-9664-6931a0a41fbf,258,2025-05-29 14:22:56.662498,152.2,Misrata Market
1db755a3-3033-41a4-b742-117316e238ec,221,2025-06-12 14:22:56.662509,177.47,Online App
8506b060-3202-4201-a273-1ea853f24605,36,2026-01-08 14:22:56.662517,81.49,Tripoli Mall
8c349a3d-c58a-4d36-b3b1-7af13c74f185,145,2026-01-20 14:22:56.662524,79.6,Misrata Market
3a0d82c9-ce46-4535-b86d-6caf8c6958f5,44,2025-04-07 14:22:56.662531,40.25,Benghazi Center
22099891-1eda-497d-9743-b6a56efaa715,173,2025-07-03 14:22:56.662539,5.77,Benghazi Center
ba97fb8e-7f7e-4e04-861b-2ef073372377,133,2025-03-19 14:22:56.662546,59.39,Online App
ea8f1a85-2ed8-46ab-a794-c173b071187f,170,2026-02-03 14:22:56.662554,40.48,Benghazi Center
2fbf8a63-d578-4451-a6f0-d8d819913462,230,2025-12-31 14:22:56.662560,49.84,Misrata Market
6827e0e7-3926-483b-a9eb-fde5aff43c88,209,2026-01-17 14:22:56.662567,103.21,Tripoli Mall
40d99fb4-5ab9-42b5-8bf8-5854bbf45497,48,2025-03-19 14:22:56.662574,18.09,Online App
ad9f20b3-e0b5-40dd-bee1-3cf97a6548ed,212,2026-02-12 14:22:56.662581,187.21,Misrata Market
c4899df9-4881-4736-801a-26df0dc12b43,82,2025-04-19 14:22:56.662589,140.61,Benghazi Center
cdab61e7-214f-4247-87dc-4d9fa776f79a,215,2025-07-30 14:22:56.662596,128.54,Online App
92eb1b31-1abb-43ba-95b1-12a34b01a9dc,172,2025-04-03 14:22:56.662606,103.81,Tripoli Mall
2fa60d05-6166-454f-a395-5c66c60f43ec,112,2025-05-01 14:22:56.662614,13.78,Misrata Market
5085b410-b58b-4730-bc0e-bdacb9b5fd63,97,2025-12-12 14:22:56.662621,157.33,Misrata Market
19283c5e-1bcb-4a22-a55e-a0d928c13444,176,2025-06-16 14:22:56.662628,99.39,Benghazi Center
eb78b10f-1adb-4fd0-aa29-81de134dc8a8,60,2025-10-18 14:22:56.662637,99.46,Benghazi Center
73d06c6d-cada-467a-9289-9dfc7376cd6e,3,2026-01-29 14:22:56.662643,115.01,Misrata Market
e6d9e481-0a31-4a49-88b0-313861a1a44b,86,2025-09-26 14:22:56.662650,172.66,Benghazi Center
596b4d49-0971-43ea-8b0d-0e436241c7ab,66,2025-03-29 14:22:56.662658,22.5,Misrata Market
c98acbd2-5a00-4217-87c3-368e96e34736,15,2026-02-02 14:22:56.662665,50.52,Misrata Market
979cfbd4-1c98-40f2-bc50-4239090fe2b5,68,2025-11-16 14:22:56.662673,158.85,Misrata Market
16fbf1e1-965b-43ee-8304-ea539f52e3b2,32,2026-02-09 14:22:56.662681,77.29,Misrata Market
f7d49785-1fb3-4882-bead-7c173d1ac1df,166,2025-11-10 14:22:56.662688,18.96,Benghazi Center
e7b2da02-17cd-42e3-a158-9076ba0b9511,293,2025-07-12 14:22:56.662696,95.43,Tripoli Mall
e08f8298-c147-47f8-bd70-420a06367f40,172,2025-06-29 14:22:56.662703,61.22,Online App
cb21c4f0-7eb6-4a31-838a-e6ff863fa115,274,2026-01-03 14:22:56.662711,74.92,Online App
52e9abdb-5874-4838-a54b-d9dd47a27e2c,160,2025-06-09 14:22:56.662722,139.38,Tripoli Mall
251d11f6-367d-4fcb-b62b-e6ddb1dbd768,113,2025-07-30 14:22:56.662734,103.12,Misrata Market
1baa6682-97cc-4cbf-8ac2-ba4817d5a5d9,1,2025-06-16 14:22:56.662741,25.55,Benghazi Center
dccc7dbe-5c66-42f8-bbcb-73fe6dd9ed2f,216,2025-03-05 14:22:56.662748,168.2,Misrata Market
1436ffc9-a3c1-495e-b879-3ac3f6495234,112,2025-04-25 14:22:56.662756,15.76,Online App
cd08cedd-b598-4e64-9854-398df185becd,257,2026-01-07 14:22:56.662763,95.2,Online App
151d6fdc-ad9f-4616-9593-3b065fa50d3f,165,2025-06-20 14:22:56.662771,77.58,Misrata Market
1b89453b-9268-4b50-a40e-b9ee4440cc05,128,2025-10-12 14:22:56.662778,159.07,Online App
d2fcee28-2e30-432c-982d-7f8249a1bfdb,128,2026-01-09 14:22:56.662798,191.4,Misrata Market
cf670763-6111-4c2b-bf50-a30590811f40,188,2025-09-01 14:22:56.662806,5.99,Tripoli Mall
2b1d2259-3e89-4bcb-9331-720e21694e16,151,2025-12-07 14:22:56.662814,67.94,Benghazi Center
eede7eb3-51e2-420e-929b-dcdbc1b56878,282,2025-06-24 14:22:56.662821,99.74,Benghazi Center
9d4495cb-9036-4014-b079-d1a88448e850,100,2026-02-07 14:22:56.662828,133.45,Online App
d889f807-51ce-49d4-9270-851daf83d97e,236,2025-02-27 14:22:56.662835,177.4,Misrata Market
adaa6972-217f-453c-a84d-ebdf7a1774ec,193,2025-08-02 14:22:56.662842,24.6,Tripoli Mall
2cfa8f98-21a9-4b2b-b7f2-6777a56a9841,23,2025-07-27 14:22:56.662852,128.38,Misrata Market
f0940fc5-710f-44b9-9ff1-0e7bfa8d1574,203,2026-02-16 14:22:56.662859,65.44,Misrata Market
d769b7cc-a711-4416-b19c-43d9df4d28fe,32,2025-09-26 14:22:56.662868,171.75,Benghazi Center
5a1e3c9c-2945-4cd8-ba10-980ff8ce10cd,151,2025-08-19 14:22:56.662876,181.19,Misrata Market
6a490674-1e5e-4c74-966f-72cad0777f5f,106,2025-12-19 14:22:56.662885,51.93,Tripoli Mall
d920e583-0d33-4f40-9777-e49e47079ce7,100,2025-12-02 14:22:56.662891,5.82,Misrata Market
93c6b314-5cc9-48f1-b6a8-28dd386f8090,108,2025-06-04 14:22:56.662899,192.3,Tripoli Mall
7e1bb288-1730-4e46-87f1-c3f99ffbbe30,41,2025-11-29 14:22:56.662907,172.68,Online App
d0a11f4a-3384-4ae4-a5a8-5ba916758eec,113,2025-04-30 14:22:56.662914,79.36,Benghazi Center
7bfab7d5-45da-49d5-bdf4-aa0a5f92a08e,150,2025-10-12 14:22:56.662924,143.18,Misrata Market
0927129a-cbf4-4ba4-9cf7-f1f6dceee2e8,134,2025-08-16 14:22:56.662931,66.79,Misrata Market
b0a962fc-3051-4543-be35-a65f30757653,162,2026-01-06 14:22:56.662938,72.32,Tripoli Mall
b7816874-e93b-493c-afe3-1a6495f264aa,107,2025-03-14 14:22:56.662945,110.07,Online App
1d5bd246-c752-4033-9adb-805a0c0d3cd7,181,2025-11-26 14:22:56.662952,162.23,Misrata Market
f8e111bd-16ce-40e8-9c71-979d74079f63,239,2025-06-09 14:22:56.662962,123.29,Benghazi Center
f95994b5-f5af-47c4-bed3-ce3c3f68c052,94,2026-01-20 14:22:56.662969,169.93,Tripoli Mall
e88fa94f-ff8f-485c-9da7-5b970ee45988,219,2025-09-07 14:22:56.662981,141.17,Online App
110a3971-fbab-40b4-b29a-12afeee6bd05,63,2025-12-08 14:22:56.662990,42.37,Online App
81d870b0-b26f-44aa-94f1-970b733ce11b,125,2025-05-22 14:22:56.662998,83.31,Tripoli Mall
597769c6-55f0-474c-8d56-da7f6fd324da,172,2026-01-10 14:22:56.663005,21.27,Benghazi Center
ef7dd65a-2d99-4b0c-979c-18918e171d5a,73,2026-02-26 14:22:56.663013,92.84,Misrata Market
57c2333f-977d-4cd9-922e-a5d2741d1446,161,2025-11-23 14:22:56.663020,14.0,Misrata Market
d61016be-b32e-4550-b34b-8d355eb7886c,101,2026-01-14 14:22:56.663029,63.6,Misrata Market
d439f141-1362-4f4d-bc1a-b6d28cced110,154,2026-01-08 14:22:56.663038,92.62,Online App
6b5f8397-c058-48c3-a912-18c78951b6a6,33,2025-12-29 14:22:56.663045,189.89,Benghazi Center
9c95ca55-0c94-4440-afee-2c861d560bb0,257,2025-07-05 14:22:56.663052,82.25,Misrata Market
b0e4eedf-16ce-4b55-af79-7b0cb2a25035,269,2025-04-09 14:22:56.663060,120.34,Tripoli Mall
4ac8d9a0-edcb-4046-a223-1eb0a6eebce9,210,2025-06-02 14:22:56.663067,37.25,Online App
180f1bb0-d993-48b5-a06f-f3c17ac5f612,104,2025-04-14 14:22:56.663074,48.35,Online App
456e6e4c-92e5-46e6-ad69-110028a46330,59,2025-08-01 14:22:56.663081,63.14,Tripoli Mall
a869f787-c9e9-4483-89e5-e173347377bc,11,2025-05-10 14:22:56.663089,129.33,Benghazi Center
2b42b3a3-f813-4c4d-89c4-a2bc9e453bb3,280,2025-05-22 14:22:56.663096,60.53,Online App
8929df3f-7bee-4659-843b-fe605593bcc0,5,2025-04-17 14:22:56.663104,92.3,Benghazi Center
089f2211-f9e1-421c-91b9-afb59a433dbd,33,2025-07-30 14:22:56.663111,169.81,Tripoli Mall
c651a42f-fe46-4c3d-a057-91650a7be319,35,2025-04-28 14:22:56.663121,36.12,Misrata Market
b502126a-807d-48d2-9f4d-0c50fb2bb022,72,2026-01-29 14:22:56.663129,184.73,Tripoli Mall
0cb17b1f-85a4-4db2-b7ad-1e20895521e2,80,2025-06-24 14:22:56.663141,171.54,Misrata Market
18c3cd96-9ca0-4a86-b8b2-694932887696,131,2025-07-07 14:22:56.663149,67.31,Online App
329501a4-6de0-4bca-bf36-4e7163e7e03a,233,2025-06-13 14:22:56.663156,137.15,Tripoli Mall
54b87d59-5e1f-4200-99c0-60db87613015,35,2026-02-09 14:22:56.663163,50.4,Online App
a1778174-9290-4c73-8eb9-a4d79f611ceb,44,2025-09-16 14:22:56.663171,60.98,Online App
c03cdabb-2c2a-4a68-93c9-4530f3ee5fc8,214,2026-01-21 14:22:56.663178,66.64,Misrata Market
3368a0bd-6dd2-4206-bac8-a18baf2eb72d,202,2025-05-28 14:22:56.663186,59.81,Misrata Market
3a5825dc-dd3d-479e-98b6-1f2649b40656,33,2025-04-17 14:22:56.663196,25.28,Online App
48c7613a-1ac8-4819-9f4c-466b7fd9a572,183,2025-07-08 14:22:56.663204,29.39,Tripoli Mall
05c09470-b462-4129-bd2a-311b2511853d,142,2025-04-17 14:22:56.663212,183.7,Online App
ab01eab9-88d6-47ac-8f71-f1bfa3f72e62,134,2025-04-09 14:22:56.663219,129.26,Online App
bed8de04-d20a-469e-80f2-2de4ffb13e44,149,2025-05-18 14:22:56.663225,99.19,Tripoli Mall
5949a5ba-bbc1-4364-9b1d-11080abba7ad,80,2025-12-13 14:22:56.663233,42.09,Benghazi Center
22a1f3df-662c-49c9-8678-d822ebbaa4ad,113,2025-11-28 14:22:56.663240,115.34,Online App
29cd33d9-793e-404a-9fbd-9cd60cb4fdc2,30,2025-04-21 14:22:56.663247,64.84,Online App
d91fcb77-3e89-4363-8bf3-170cd0d8bb95,71,2025-06-20 14:22:56.663255,2.35,Benghazi Center
8e8aaeae-49c9-492e-a57b-bacfb00b629e,210,2026-01-08 14:22:56.663261,143.12,Benghazi Center
f15821bd-aff3-4622-a73a-2446dde04259,230,2025-04-08 14:22:56.663269,70.8,Benghazi Center
73c3bd04-f89e-4b8a-abfb-6097486a491f,128,2025-08-03 14:22:56.663276,40.6,Online App
f0c9e008-df71-40f0-b3ea-d0ae4cd75222,267,2025-03-27 14:22:56.663284,47.1,Online App
31cc3d8d-1e6c-447a-98dc-7ada076bcfcc,249,2026-02-23 14:22:56.663292,117.16,Online App
a940d0ba-7b25-41f2-8991-080c632343ed,162,2025-03-20 14:22:56.663300,10.2,Online App
42e27c51-0ad8-4c74-a097-8a4aa135e968,106,2025-04-17 14:22:56.663307,60.68,Tripoli Mall
aea436bd-1075-414c-927e-263636a9412a,91,2025-06-22 14:22:56.663315,114.02,Benghazi Center
b9938e30-1824-44d6-b19f-58bfd853bdae,72,2026-02-14 14:22:56.663322,77.65,Benghazi Center
25a782b2-9167-4ff5-8c8a-8ec6fa00f4ea,178,2025-03-01 14:22:56.663329,139.54,Online App
4a2c680c-ae56-41ab-9ace-7fff3b5c1f55,260,2025-07-28 14:22:56.663337,47.21,Online App
b3232310-e665-40ee-9ee7-58c229fea88e,251,2025-05-20 14:22:56.663344,166.89,Misrata Market
ab453aaa-acf5-425f-9ac1-e9bee488d03b,258,2025-04-14 14:22:56.663352,115.88,Misrata Market
cd5962fc-1275-4fc8-a728-d7f14ba5a299,49,2025-07-13 14:22:56.663359,108.83,Misrata Market
f0324126-10ae-4d3d-82bb-44314adbe7dd,23,2025-03-04 14:22:56.663369,193.02,Online App
6955d8cb-789c-4e7b-bd0d-27000bb8ff6a,110,2026-02-02 14:22:56.663376,98.41,Online App
857ebbae-4a31-4515-a46d-b3a15a0e1a8a,114,2025-05-20 14:22:56.663383,73.77,Benghazi Center
491d5ba0-0178-4040-84f0-9f1288515853,8,2025-12-13 14:22:56.663390,189.27,Misrata Market
059350cc-9003-4477-a060-bfef61d989eb,272,2025-12-20 14:22:56.663397,194.31,Online App
fd4cd938-2f4e-47ca-ae90-512f0acc9f2c,209,2025-04-03 14:22:56.663404,148.13,Online App
8d03fbf1-fc3b-4fb8-868c-419c7ef36c29,84,2025-09-01 14:22:56.663411,112.48,Misrata Market
d80c1295-3861-4239-a54a-5001f2f62a21,1,2025-05-24 14:22:56.663422,67.27,Online App
e27e8c4d-f655-4419-b0e9-7df091536644,20,2025-03-10 14:22:56.663432,26.25,Tripoli Mall
65c58f59-d43d-4186-b95d-71b042a6b6e7,38,2025-11-27 14:22:56.663440,137.83,Misrata Market
8bcd25dd-895c-40a1-ae21-dfffba913944,13,2025-08-05 14:22:56.663447,75.04,Online App
5984aa2d-a099-4edd-b79d-008ed95d776b,123,2026-01-30 14:22:56.663456,49.94,Online App
532fb405-49bd-4bb2-9c97-af9ac34c28fd,95,2025-06-08 14:22:56.663463,158.64,Online App
12855dee-4f19-45e4-ad3e-e625cca3c54d,85,2026-02-17 14:22:56.663470,144.62,Misrata Market
e22d3ec6-052f-4219-9580-2dc1e2dba504,119,2025-10-16 14:22:56.663477,61.2,Tripoli Mall
051c6a4f-6cae-4040-838b-32fba10e9f69,238,2026-02-26 14:22:56.663484,36.77,Online App
b8162a7d-fa70-46f2-b415-750128c2b7f7,196,2025-06-24 14:22:56.663492,71.58,Benghazi Center
3acbed06-a965-4e71-8e68-424cc0260fec,84,2025-06-08 14:22:56.663500,23.53,Online App
6ffdfada-f55f-4ec8-ae48-691b1f63a211,152,2026-02-21 14:22:56.663508,119.89,Misrata Market
0226acc1-0d70-4b5a-9c78-97dba8919ed9,138,2025-10-14 14:22:56.663520,101.93,Online App
2a8d2bc1-b688-4f62-aeb2-24f5bee5da9d,59,2025-03-19 14:22:56.663527,142.58,Misrata Market
2360dad9-f06d-46c7-8c74-22a57b90b5f4,161,2025-08-21 14:22:56.663535,56.48,Online App
9d12106d-c33d-4843-b041-95ea131326e4,286,2025-12-20 14:22:56.663542,94.44,Tripoli Mall
95cd7edb-cafb-4f2a-88a2-8cb05dbbf0a1,277,2025-05-27 14:22:56.663550,181.47,Online App
eb351952-efa4-492d-9f93-114dad7bf156,82,2025-08-18 14:22:56.663557,118.58,Tripoli Mall
acd4cff6-8f78-4aa2-a739-d24a75740c94,211,2025-07-09 14:22:56.663565,194.07,Online App
80be0793-22a6-4e51-af1f-f72865ccbd2e,275,2025-05-19 14:22:56.663572,142.88,Online App
ac7fa836-ae5e-4877-92f9-bb328a1d5804,95,2025-11-27 14:22:56.663579,181.6,Online App
87e45a2c-f510-4c88-b0a9-1f6c12be2995,146,2025-07-14 14:22:56.663590,42.36,Benghazi Center
fb1d86ed-c181-46e9-81cc-311508586e46,119,2025-07-19 14:22:56.663598,44.3,Misrata Market
520f5573-9f99-49c2-9167-ed0ac062c0cb,96,2025-11-20 14:22:56.663606,103.43,Misrata Market
bb676d58-0519-42e3-8501-b3825a34a885,160,2025-12-06 14:22:56.663612,178.37,Tripoli Mall
0b74818c-9a2c-4624-8caf-48860ba5a66a,69,2025-05-04 14:22:56.663633,93.52,Tripoli Mall
e07fe3ef-0690-4fb8-87d8-c82763476a14,193,2025-04-19 14:22:56.663654,116.91,Misrata Market
8453beeb-6a60-4edc-b3eb-e67ace94627a,66,2025-08-09 14:22:56.663661,14.3,Online App
c8cf5bf2-8b8e-47f7-8851-cd17d9f6cb8d,265,2025-04-04 14:22:56.663669,100.0,Misrata Market
c21810d7-5f72-4669-bb1e-7a4a478d74f0,143,2025-09-07 14:22:56.663679,7.25,Benghazi Center
d5adc753-ce58-433d-9984-7ff3b5444868,127,2026-02-19 14:22:56.663686,130.63,Online App
8f0215f4-4a6b-49a2-9f8f-4f39211c24a8,103,2025-06-09 14:22:56.663693,76.27,Online App
d46bd92b-e148-426e-826d-74ba2ff54d81,278,2025-11-13 14:22:56.663700,66.81,Tripoli Mall
8e03d03d-051a-4587-81be-ad7ca32b240d,53,2025-03-30 14:22:56.663707,177.09,Misrata Market
aecc23b1-568b-4fa6-8151-aee79ffbcbac,14,2025-09-06 14:22:56.663714,70.06,Misrata Market
151d7916-c781-4772-91e6-b202b1fd0f9c,17,2026-01-18 14:22:56.663722,65.04,Benghazi Center
6c351828-18b3-4377-a3d7-a3cf2bd9169a,147,2025-06-15 14:22:56.663730,154.07,Benghazi Center
001dff95-8666-4f3b-8731-bacdab1efa5c,227,2026-01-04 14:22:56.663738,81.14,Misrata Market
20d1ad3f-70e8-40a4-96ed-b95ce2565960,89,2025-04-19 14:22:56.663745,10.83,Benghazi Center
b403444e-3d42-4cdb-9aef-febfecdcd285,190,2025-06-12 14:22:56.663753,41.32,Online App
3b09565b-3b41-4d6b-81e9-f1d03de48aef,175,2025-03-11 14:22:56.663760,36.08,Online App
e9bbbf16-5fc7-4586-90a3-7d6e77cc6d25,160,2025-05-15 14:22:56.663767,14.08,Tripoli Mall
2a89e914-3cd6-4fee-8b15-e66fdc78cd74,147,2025-06-11 14:22:56.663773,184.04,Misrata Market
ad446e7e-77d9-43c6-86bc-58932a9d6eab,130,2026-01-05 14:22:56.663781,65.81,Benghazi Center
c12b1b88-5864-4ead-9df5-c6594e13dee5,53,2025-04-25 14:22:56.663794,125.69,Benghazi Center
a8cca757-04a8-46d5-9c5a-b262b857b8fe,64,2026-01-16 14:22:56.663801,107.04,Tripoli Mall
1ba76d33-6c57-48c0-878c-e90d53ce89fb,264,2025-04-24 14:22:56.663809,7.2,Misrata Market
53ce4f4d-22bc-4890-9f73-750fc781eb9c,114,2025-08-22 14:22:56.663827,38.03,Online App
915d4368-842e-4f99-a9bf-cd92372b2415,278,2025-11-14 14:22:56.663834,61.06,Online App
d63cc6a4-caaa-4092-988b-5d05a9a9908a,276,2025-10-22 14:22:56.663841,117.39,Benghazi Center
ced50898-2911-453e-a00a-0126080b2d83,39,2025-07-28 14:22:56.663849,128.98,Benghazi Center
f27dfc8b-67f0-403d-a4a7-485580bb1efb,158,2025-06-04 14:22:56.663883,106.14,Misrata Market
d6615949-315a-479a-aaff-4838aff3bf39,67,2025-05-05 14:22:56.663899,137.99,Online App
bd1e2298-76d7-49ef-81de-479f744504df,176,2025-10-21 14:22:56.663907,33.07,Tripoli Mall
51b5898f-cd44-4c8b-9322-9c86b78d3144,130,2025-06-20 14:22:56.663914,153.66,Online App
2948014a-21b1-4ed0-8d1f-26cefdfd064c,264,2025-07-27 14:22:56.663933,185.69,Tripoli Mall
d16c6e50-f89b-405b-8a77-7964e354a1fc,255,2025-05-04 14:22:56.663951,57.79,Benghazi Center
0137bc67-3c36-4467-a285-433aed3ecc87,118,2026-01-17 14:22:56.663964,156.03,Misrata Market
967f4568-203d-441d-b1f2-275ecadf8328,111,2025-08-19 14:22:56.663972,79.5,Misrata Market
d750c382-5b5a-4bdd-b601-7ec5e79e6ca3,35,2025-04-23 14:22:56.663983,153.12,Misrata Market
c459252a-7ae1-4fb8-ac52-169aef220a36,88,2025-10-27 14:22:56.663992,143.15,Online App
c44a1f84-6455-4385-b9c6-0e77e31f6889,63,2025-10-11 14:22:56.663999,150.55,Benghazi Center
c5128c71-09da-4173-b320-f3c6241b9226,197,2026-01-25 14:22:56.664009,80.08,Online App
106144d0-ec8e-4c06-bce5-e06d6342f1b9,162,2025-03-23 14:22:56.664017,107.94,Misrata Market
367692b7-d01f-45ab-86d5-ea88a4b97cec,50,2025-07-11 14:22:56.664029,68.49,Benghazi Center
da0aeeec-ffd8-4ab4-8f4f-834f3dfa72ea,162,2025-11-23 14:22:56.664037,28.26,Online App
807ccb3e-bddf-4db7-a2ea-da7df5242e0b,269,2025-04-27 14:22:56.664045,86.94,Benghazi Center
78d8d26d-0b1f-477d-92af-06c6a34c65d5,224,2025-08-15 14:22:56.664052,138.8,Online App
51bfac2f-8b26-4c78-b1a4-71ff6556b9cc,279,2025-05-08 14:22:56.664060,60.93,Tripoli Mall
d4f8b4ba-3e1d-4085-a48b-20542f1a27b1,173,2025-09-14 14:22:56.664067,187.16,Online App
815fff01-c368-40ab-a62f-39713396c244,274,2025-03-17 14:22:56.664075,176.59,Tripoli Mall
4f3e9134-0022-4e04-a673-f4fcf05a10ed,273,2025-08-10 14:22:56.664082,179.1,Online App
48af1950-6361-406b-a333-13748286c336,155,2025-12-22 14:22:56.664090,34.67,Tripoli Mall
21ed0fb1-50cc-441f-9cad-c05c6b9c18fc,110,2025-06-21 14:22:56.664098,160.74,Benghazi Center
f2a423ed-fa79-453c-ae75-be6640bdd770,243,2025-07-01 14:22:56.664106,41.8,Benghazi Center
ca93ccea-1f12-4e0a-b0e6-133a3fe4991a,68,2025-04-30 14:22:56.664114,26.78,Misrata Market
cf6086de-247d-40f1-ad37-1b4da2b18b9d,88,2025-04-22 14:22:56.664121,174.04,Tripoli Mall
a86c3377-aaa5-4199-870a-6773c951ee4b,149,2025-12-20 14:22:56.664129,190.47,Online App
3eb92fd8-099a-426c-abac-52c642e8d1e7,116,2025-11-04 14:22:56.664136,56.95,Tripoli Mall
f47cc862-59c8-4889-8535-3a33c0933164,150,2025-11-05 14:22:56.664144,1.21,Online App
2ab1bdd9-4832-4d58-8916-b9ad8745903f,252,2026-02-01 14:22:56.664152,64.33,Benghazi Center
f2f4ba32-2115-49f8-a1a3-951c247e285e,214,2025-09-28 14:22:56.664159,2.24,Misrata Market
4986f011-47de-4d34-8907-0910781d8ddc,123,2025-10-25 14:22:56.664167,101.45,Tripoli Mall
403ea82f-6106-4deb-8da3-0c0b21908a40,106,2025-11-05 14:22:56.664174,40.52,Misrata Market
775f89b7-3403-4863-9017-57add0a3dc10,258,2026-02-09 14:22:56.664181,165.41,Misrata Market
2212701e-5c0f-4531-a7cf-7a78d0428eeb,190,2025-10-22 14:22:56.664189,68.95,Tripoli Mall
17c04b1e-2d1e-4d83-af34-9bdd9d13514f,264,2025-03-09 14:22:56.664197,77.04,Tripoli Mall
3f2c9ccf-c6ec-4c79-8083-c69ad43badd3,33,2025-12-12 14:22:56.664204,54.96,Tripoli Mall
8610a96a-ed91-46e3-bc17-845b0261207f,263,2026-02-08 14:22:56.664212,55.92,Benghazi Center
16564b8a-d7fa-41e5-a599-52fe9ba6277a,8,2025-05-05 14:22:56.664225,86.66,Tripoli Mall
3baa4ca4-42ed-45be-b360-19c5f51e7956,23,2025-11-15 14:22:56.664233,126.04,Misrata Market
eda5c3e7-cdda-4d94-8129-9ecc1c919d81,171,2026-01-06 14:22:56.664241,85.66,Tripoli Mall
f7999ef0-7ecc-4495-8a72-c9a60672545a,2,2025-04-30 14:22:56.664248,181.16,Misrata Market
c35997eb-f929-47ad-b4a8-628e40a11532,118,2025-07-12 14:22:56.664256,7.62,Misrata Market
a76c3a28-13e0-4a18-8b78-e65be37adc9a,120,2025-08-08 14:22:56.664263,109.53,Misrata Market
c3612b98-2ace-41cf-8f28-99ec0e16513e,186,2025-08-27 14:22:56.664271,51.35,Online App
dd7ceca2-00b1-42b5-aa53-74dbd53a7b0f,213,2026-02-09 14:22:56.664278,47.36,Benghazi Center
bb6f7492-3d60-405c-8246-380d02b2339c,97,2025-05-22 14:22:56.664286,40.66,Misrata Market
b306caeb-0d50-4262-834f-2a988ccb12b6,89,2025-03-06 14:22:56.664296,131.36,Benghazi Center
a69e74d1-02d5-4fce-984f-70de706c75b6,99,2025-07-16 14:22:56.664303,145.19,Tripoli Mall
4f9618e3-3c5a-4c9c-a801-adbf8fdc2655,24,2025-06-23 14:22:56.664311,24.54,Tripoli Mall
337e1c74-6f7e-4726-97f0-41063f6c3d07,80,2025-07-23 14:22:56.664319,79.07,Benghazi Center
c75b97ca-869a-421b-860f-37fce3960c93,102,2025-04-04 14:22:56.664326,119.81,Benghazi Center
76876e74-5e2d-4b93-814f-52e3ee609462,191,2025-06-15 14:22:56.664334,178.31,Tripoli Mall
45739aaa-5fd2-46e3-a7ba-fc491a3f9fb2,289,2026-01-22 14:22:56.664342,32.42,Misrata Market
085ea126-2e49-4bcd-b888-ce7cf356577b,19,2025-05-29 14:22:56.664349,103.18,Tripoli Mall
e1815f8f-a84a-4889-98c8-a0d222a518e8,260,2026-02-14 14:22:56.664358,12.5,Online App
8fd5498f-4c93-425d-bb20-ef1ddee4c256,190,2025-06-10 14:22:56.664370,185.97,Online App
8a67ff6f-e06b-466b-a4c3-714e1992a63f,206,2025-03-01 14:22:56.664378,155.24,Benghazi Center
79bc0d89-1e7f-4199-b5bd-c18176cf8c4d,128,2025-09-30 14:22:56.664386,165.37,Online App
76460b02-b2b8-4926-8c94-cb2bb9b0c6f8,237,2025-04-29 14:22:56.664400,76.52,Tripoli Mall
c06ffb88-47fc-4742-974f-33e3911e6532,14,2025-05-25 14:22:56.664411,114.09,Tripoli Mall
7bcd4dcc-a47f-441d-9b3b-d4a6b4c319dc,72,2025-11-13 14:22:56.664418,95.52,Tripoli Mall
1ed5a61a-098f-4ea8-b1e6-453fbbe9d77d,261,2025-11-12 14:22:56.664426,55.29,Misrata Market
488134ba-bdf8-44ce-a7c4-2b2ebd26a7c2,249,2026-01-28 14:22:56.664436,197.84,Tripoli Mall
cc261b70-6d55-4af8-8024-18cfd6cd72cd,105,2025-09-23 14:22:56.664443,109.07,Benghazi Center
cac48235-f0d2-4b92-b817-4197ba0c2032,133,2026-01-21 14:22:56.664451,154.32,Tripoli Mall
e77b8476-4907-44f2-80ef-9dc4ff25fffc,35,2025-07-20 14:22:56.664458,97.27,Misrata Market
e0fc1f1c-6642-4222-bf44-c70aba59974c,279,2026-01-30 14:22:56.664465,109.45,Misrata Market
cc3acdb2-2c79-4c30-984c-facca8014028,198,2025-03-13 14:22:56.664474,60.13,Online App
7fccc0c7-ab01-4465-87ca-3642f1771161,290,2025-10-24 14:22:56.664482,62.9,Misrata Market
dadc4c13-186c-4229-b44e-aa276b192a34,82,2025-11-19 14:22:56.664491,92.48,Misrata Market
e37c2053-4b69-4029-877c-a83072e9e52d,290,2025-03-15 14:22:56.664499,79.66,Tripoli Mall
f07f047b-a43b-47ca-8ad1-58800a7f0446,35,2025-05-30 14:22:56.664509,62.64,Misrata Market
81d3e4f5-c9fb-419e-95fd-1efd3687f87e,224,2025-07-30 14:22:56.664517,120.2,Misrata Market
79c1ddad-83e9-4f8b-900c-ce85fc2c8289,175,2025-07-03 14:22:56.664524,64.71,Tripoli Mall
b1e44fd5-9fa8-4a9a-b807-6b4e136de6cf,206,2025-06-04 14:22:56.664531,101.41,Tripoli Mall
47eb98a2-448a-4f76-8a4d-5393b8f1fdae,177,2025-08-07 14:22:56.664539,165.09,Online App
168e0caf-a8a9-4137-bd0f-e921e7a7801b,103,2026-02-01 14:22:56.664548,34.66,Benghazi Center
b8d4befc-4418-4cc8-85df-a433b4e73a44,286,2025-09-09 14:22:56.664563,162.13,Misrata Market
6512d2d6-daf3-449c-8808-bd8da6468d8d,170,2026-01-31 14:22:56.664571,171.5,Tripoli Mall
8a2a67c5-9639-4698-9606-303e87ac705f,212,2025-07-11 14:22:56.664586,142.55,Tripoli Mall
fe18efa0-e406-4726-9da4-69a26b2f99f0,16,2025-10-12 14:22:56.664593,93.29,Tripoli Mall
24bf7b64-9cc0-440d-941d-9414fd38e2a3,196,2025-08-02 14:22:56.664601,141.2,Misrata Market
6d413072-932a-4470-be97-3bddaa0e272e,6,2025-05-22 14:22:56.664609,193.48,Online App
adf76b2b-92ce-4239-a20d-39fb9bdb6fae,166,2025-09-05 14:22:56.664616,166.45,Online App
faa8e46f-fbbc-4519-89f8-901e34c0b7ec,131,2026-02-10 14:22:56.664624,11.59,Online App
e146d814-8455-456f-ad9c-2bc7a819cf3c,271,2025-11-17 14:22:56.664632,8.64,Tripoli Mall
08182e72-9741-4848-b59b-975728ac55cc,74,2025-04-05 14:22:56.664640,99.77,Tripoli Mall
93c5350a-f6d1-453b-891a-492b650f5d59,14,2025-06-14 14:22:56.664656,132.43,Tripoli Mall
a2ce5ece-e271-402a-95f0-29823cdc7d98,137,2025-06-05 14:22:56.664665,70.77,Online App
aca4c458-11ce-4d08-8a7a-13afdda24fd1,152,2025-03-01 14:22:56.664673,116.22,Misrata Market
8dd2d366-5536-4cfd-98d8-0f756e460fe6,289,2025-11-15 14:22:56.664681,50.1,Misrata Market
a478934f-b35d-4091-9cc2-9052db0515ea,250,2025-10-29 14:22:56.664689,67.18,Misrata Market
9b3d8e22-93e3-4233-a32f-9071fbb9a3f8,155,2025-03-23 14:22:56.664696,75.47,Tripoli Mall
ca6663b7-f34b-4d9f-b2dc-0b606f92261f,211,2025-05-26 14:22:56.664703,171.73,Misrata Market
56ab8b7c-123a-4b76-a245-0e7283ab09c6,227,2025-07-23 14:22:56.664710,42.28,Benghazi Center
a9b63f55-e28c-4d7c-a48c-f0d952df9d6f,183,2025-03-08 14:22:56.664719,8.24,Online App
4b38a3b2-85c0-4406-b28d-0efcd4441b44,140,2025-10-30 14:22:56.664727,121.26,Tripoli Mall
de6d7f70-d1f8-4090-aa23-b5f6d00c98dd,48,2025-07-17 14:22:56.664735,35.87,Online App
4348f76a-2916-4abb-9d67-9e926688d37c,196,2025-06-02 14:22:56.664742,185.76,Tripoli Mall
bc31750d-6080-4a01-9370-37fff7276538,148,2025-12-26 14:22:56.664751,59.06,Benghazi Center
d078e1d8-317d-4e64-b090-f8cc9446ba0b,147,2025-08-19 14:22:56.664758,134.82,Benghazi Center
787f5c7f-d31b-45e7-a500-8ea7c95d8531,149,2025-03-23 14:22:56.664767,34.16,Misrata Market
84d9373e-b01a-4a4d-891b-e925c724831b,35,2025-08-08 14:22:56.664774,156.5,Online App
5de4a338-8506-4159-a9df-4da6cb23e022,194,2025-06-09 14:22:56.664782,128.96,Tripoli Mall
b2c7c266-5559-4937-bd6c-c59e43ac32c4,58,2025-06-19 14:22:56.664790,179.03,Online App
6219f9fd-d144-436e-a994-a8152ea9eced,91,2025-06-25 14:22:56.664798,105.46,Online App
e4ad7b2e-48f0-4597-bb5d-3009d986f9df,280,2025-06-27 14:22:56.664805,141.37,Tripoli Mall
af769ff7-a4f2-4169-a830-c83256492c86,58,2025-04-09 14:22:56.664813,31.13,Benghazi Center
07c5c308-491a-4d95-a915-f95a7b9d7bb9,186,2025-04-18 14:22:56.664821,99.03,Online App
56a13dd8-fd78-440e-99c7-701956b0bf56,147,2025-12-12 14:22:56.664830,18.92,Benghazi Center
437d7c1d-244d-4725-9a17-9b898b26812b,78,2025-03-08 14:22:56.664837,55.9,Benghazi Center
0da349bf-346f-48b7-bc27-bdf8d5e84884,282,2025-04-04 14:22:56.664845,88.43,Benghazi Center
04f1d5ac-734d-42ef-b26e-852fd13506e3,108,2025-04-24 14:22:56.664853,114.07,Online App
e2b53372-1d47-4ebc-bb10-63b9d5ab94df,137,2025-12-16 14:22:56.664860,111.68,Misrata Market
953f92cb-5661-4000-a112-c86e43e2dbee,260,2025-11-02 14:22:56.664868,101.04,Tripoli Mall
9c920a76-52ed-4878-bc96-2f91f4f819a3,254,2025-12-17 14:22:56.664875,168.81,Online App
1ccf0f37-eef2-4e4d-8ca2-15a95aa4bc54,230,2025-07-09 14:22:56.664882,170.49,Tripoli Mall
01dba508-6f41-4588-b2ef-a9b1bebe8b7b,137,2026-01-12 14:22:56.664889,177.93,Benghazi Center
76272af7-c0a4-47c2-9c34-d86331ff755d,151,2025-06-09 14:22:56.664896,82.83,Online App
6eebeb21-56e0-44cb-bb45-29b2035f2d99,214,2025-07-31 14:22:56.664905,21.76,Online App
6220fbb5-abce-4bed-931f-03ed3268c6be,213,2025-06-22 14:22:56.664914,178.61,Benghazi Center
981fece0-89d9-4189-87cc-1c56dcb87dae,245,2025-10-22 14:22:56.664923,127.75,Misrata Market
a69d54c3-611f-4ea6-a02c-065426776d2a,166,2025-06-20 14:22:56.664930,78.82,Misrata Market
c0e25d2e-b70a-478e-884f-95431feafe1e,77,2026-01-30 14:22:56.664937,27.62,Misrata Market
d64f25ba-ff26-4714-9867-b362086a0271,93,2025-10-27 14:22:56.664944,43.53,Tripoli Mall
0a796cb2-44f7-45dd-97a0-d3f208420212,78,2025-08-02 14:22:56.664951,95.98,Misrata Market
44a5e2ab-fc21-4cf2-a621-e0c68155920a,83,2025-08-03 14:22:56.664958,161.7,Benghazi Center
742c0e79-5e06-4dcb-9baf-7cfedc82522f,75,2025-04-16 14:22:56.664965,163.14,Misrata Market
ebf1e419-0328-42f9-9caa-4eafe011577c,37,2025-12-14 14:22:56.664972,40.45,Tripoli Mall
f54ea0cb-f060-4151-95dc-894c848c6f8a,148,2026-02-02 14:22:56.664979,113.68,Misrata Market
11ab6593-ddd4-48db-9e32-34beb0af6dae,1,2025-09-07 14:22:56.664987,145.07,Tripoli Mall
ba2c1a25-43eb-4331-80fc-bdcf0119b5fb,226,2025-05-24 14:22:56.664996,6.55,Online App
f99fcece-0af3-40bf-95a1-721d108ae0b3,259,2025-08-08 14:22:56.665003,98.18,Misrata Market
573ef111-9f1d-4540-9a15-ad19b3103830,41,2026-01-22 14:22:56.665013,46.11,Online App
bd7a7abf-ff52-4fe0-8e2f-59c14f2a4e39,72,2025-07-25 14:22:56.665021,169.96,Tripoli Mall
6d68483c-2143-40f3-9934-12e1c511f2c1,143,2025-12-18 14:22:56.665030,192.81,Benghazi Center
0ed3f6f5-7b0e-43c2-8b8a-2ce756b88af1,62,2026-01-10 14:22:56.665038,138.72,Online App
9e8ac417-678e-4336-aefb-4fa5d718b2b6,104,2025-08-03 14:22:56.665045,63.84,Misrata Market
a0502ecb-76c8-4f20-b25f-3b676f6a3b5a,110,2025-04-13 14:22:56.665052,6.28,Tripoli Mall
f029034f-2aec-4741-9689-f5cd817b2996,241,2025-03-10 14:22:56.665058,196.06,Misrata Market
83445d3d-45e9-4579-99d8-040dcbe3ec1e,222,2025-07-06 14:22:56.665068,162.62,Benghazi Center
d00a7eb4-4470-4c15-9745-58a691f05159,23,2025-09-10 14:22:56.665076,193.59,Misrata Market
a5a5a1ff-4cfe-4097-9e91-27fe62cccc14,6,2025-12-20 14:22:56.665083,33.38,Benghazi Center
ab72da72-6896-48e3-ae4b-e8a5e471446c,22,2026-01-11 14:22:56.665090,110.15,Tripoli Mall
dae665c3-753b-45f3-ab96-d481dd187ff1,177,2025-09-02 14:22:56.665097,73.78,Online App
fb8dfb2b-8c10-4811-bf36-bead807d7f96,277,2025-09-08 14:22:56.665105,54.31,Online App
e7c3d027-8760-4ec4-9891-9ee5d89c885f,190,2026-02-08 14:22:56.665113,8.79,Tripoli Mall
7b2de11a-c5bb-4b5f-915f-f42d94e2abdb,204,2025-05-07 14:22:56.665124,122.08,Misrata Market
ca23ab68-aa77-4540-a192-67349e413019,299,2025-05-06 14:22:56.665135,26.17,Tripoli Mall
e78e2223-2d80-4d07-96c8-35f3b676d39d,12,2025-05-06 14:22:56.665142,141.13,Misrata Market
82bb994a-603e-4b25-84d3-5a82a70edab9,27,2025-08-21 14:22:56.665150,150.29,Benghazi Center
e148244e-70c0-42c5-8dda-1e51d087f6aa,190,2025-03-20 14:22:56.665158,56.22,Misrata Market
e988b844-3a0b-4fe2-8f25-0f34e3a29bef,25,2025-09-08 14:22:56.665165,161.7,Misrata Market
f6350dc9-92bf-4fe9-ae45-56563e780e38,224,2025-08-01 14:22:56.665172,11.72,Benghazi Center
c97d2c2f-318c-4492-9fef-56a898d32612,236,2025-03-20 14:22:56.665179,63.92,Online App
29211c38-a147-498a-bfe4-707e9d039f01,155,2025-11-28 14:22:56.665187,106.55,Tripoli Mall
914dae99-6663-4dc9-96fb-e909fbaa2ec6,34,2025-03-29 14:22:56.665194,123.44,Tripoli Mall
6191bab8-b551-4062-b821-b7603e0b16df,230,2025-03-03 14:22:56.665202,12.74,Benghazi Center
4b6cf87b-c7a2-4793-83f3-bde53fae40a3,84,2025-04-28 14:22:56.665209,27.68,Misrata Market
b8ab655e-e09d-48bf-9255-e8111526a484,101,2025-08-22 14:22:56.665217,169.91,Misrata Market
cf3630f7-df3b-43e4-9e37-639f421eee66,239,2025-08-05 14:22:56.665224,10.97,Benghazi Center
106196b0-f788-4592-9128-b9a5c8f9684c,117,2025-12-27 14:22:56.665231,113.06,Misrata Market
bdca6d67-c48b-4b9a-ab13-91562cb3c2d2,182,2025-03-17 14:22:56.665237,89.85,Tripoli Mall
cffa2ccd-a48d-4765-ad1f-a9074c2f11bf,220,2025-12-01 14:22:56.665244,54.35,Online App
8b8f19d7-a777-4a72-9711-4b2e8a488cab,26,2025-09-14 14:22:56.665251,120.84,Benghazi Center
9a8bdf52-6f59-40df-832a-789d8d83f0fe,199,2025-11-09 14:22:56.665261,139.6,Online App
8faf3740-975b-47bc-b4f5-977b86136a8c,291,2025-04-14 14:22:56.665269,17.43,Tripoli Mall
74b0c34a-c92f-4fa2-82db-278d05bcb189,139,2026-01-22 14:22:56.665276,152.57,Tripoli Mall
de17564c-4eaf-4ce1-b782-5ff2309690d3,116,2025-08-31 14:22:56.665284,28.21,Online App
4738b0f1-4bd1-4613-95c6-695429a9158c,172,2025-06-02 14:22:56.665291,178.42,Misrata Market
cb9d1fc0-8d20-406e-bcb0-56d586b5e597,245,2025-11-07 14:22:56.665297,4.03,Benghazi Center
c546240f-d01c-48a8-be60-0c4803fb713c,187,2025-12-21 14:22:56.665305,4.52,Misrata Market
6872a85b-94bd-4481-8323-43cd7479d7e9,190,2025-08-29 14:22:56.665313,8.45,Online App
96bc839c-fbcf-45a9-8be5-c370c94feb5b,122,2025-03-03 14:22:56.665321,63.66,Benghazi Center
3ff13512-35c5-4737-bb53-62ab23fda3e1,79,2026-02-23 14:22:56.665328,41.48,Tripoli Mall
bb226b43-c689-46fe-86cb-f32faac50627,279,2025-10-22 14:22:56.665335,16.54,Misrata Market
9f9be0e8-4e27-4290-acab-099b7f98a571,54,2025-10-26 14:22:56.665342,170.87,Benghazi Center
b8229def-2fa2-488a-b51b-e1567b99c64c,107,2025-12-08 14:22:56.665349,183.36,Online App
2b3029d6-36c7-4fc5-a81a-b4922d628a9a,119,2025-03-26 14:22:56.665356,177.47,Benghazi Center
9bf0a007-2ebe-4b94-90ee-22c99ddba314,138,2025-04-17 14:22:56.665371,123.48,Benghazi Center
94ae4948-27e4-4cd6-a5da-9fcfadbc9e42,214,2025-10-13 14:22:56.665378,101.36,Benghazi Center
84264591-d36e-4259-9945-aa35be9f85ad,280,2026-02-13 14:22:56.665386,116.17,Benghazi Center
72153bfb-6a34-4311-9141-be6a6018898e,102,2026-01-14 14:22:56.665393,180.41,Misrata Market
71359052-ca9c-400f-992a-1df8d949d200,39,2025-09-23 14:22:56.665400,91.21,Online App
94605f17-0b29-45d7-89bd-185e4a4014a5,228,2025-08-06 14:22:56.665408,136.43,Tripoli Mall
d56be520-2e29-4caa-b50e-5b6c40c7be20,98,2025-09-03 14:22:56.665415,62.2,Tripoli Mall
26ddda1e-3d8a-4a2b-851d-b61b4ae3d735,122,2026-02-24 14:22:56.665422,130.75,Misrata Market
cec70f95-a170-4181-932e-399182de4bba,294,2025-05-14 14:22:56.665430,87.03,Benghazi Center
ec735224-1a5a-40b0-98ce-82d81963294d,260,2026-02-15 14:22:56.665437,35.37,Misrata Market
0dde048b-7e3e-44a2-9a81-6e49a0d16b78,94,2025-12-18 14:22:56.665445,82.08,Tripoli Mall
8ba9c9f3-1d2e-4603-b518-1da785ba2c12,134,2025-05-18 14:22:56.665452,51.12,Tripoli Mall
d47eb143-2bff-4364-874f-eae4abaf5ab6,110,2026-02-15 14:22:56.665459,164.15,Benghazi Center
77947cfe-29c7-4585-b371-ab4576d2e4b8,191,2025-04-28 14:22:56.665466,110.01,Tripoli Mall
47f98920-e881-41a9-b937-d874fb4201da,27,2025-09-01 14:22:56.665473,101.51,Misrata Market
d661c011-b27e-415b-a7fa-b5d9e0f55b4b,98,2025-05-22 14:22:56.665479,88.81,Misrata Market
103897ab-ec15-4893-962f-cbfb6ebac02b,227,2025-05-15 14:22:56.665487,122.3,Benghazi Center
13d89adf-1574-4b5b-b315-a73046f4631b,148,2025-08-06 14:22:56.665494,68.28,Tripoli Mall
7b915f86-5a50-4d67-b577-5895f825ecee,91,2025-06-27 14:22:56.665504,25.03,Misrata Market
eb989f52-8e23-4121-b29b-1a4ad3ad92fa,300,2025-07-31 14:22:56.665512,173.76,Benghazi Center
9d1fe904-2a06-49aa-be97-f5acf8084c6b,213,2025-07-24 14:22:56.665519,72.61,Benghazi Center
be9635a8-0f7b-43fb-8af7-a6fe66a5b854,114,2025-04-05 14:22:56.665527,142.96,Misrata Market
db891577-d7e4-4307-9b48-e495f22cd323,274,2025-04-29 14:22:56.665534,29.51,Tripoli Mall
1c438a7f-2a1a-41b1-921b-39776d36be8b,55,2025-07-15 14:22:56.665541,199.26,Tripoli Mall
cb11f633-8d79-4944-964c-264f1deea59a,1,2026-02-05 14:22:56.665548,136.08,Online App
ee05ca05-d175-4365-863b-a76c28dc668f,51,2025-09-28 14:22:56.665558,86.44,Online App
210aed54-be56-4d10-8c0b-87e9fb0d0693,256,2025-09-21 14:22:56.665566,159.26,Tripoli Mall
4ea3bfe9-6403-4d28-8edd-231102e386bc,131,2025-04-24 14:22:56.665574,11.63,Benghazi Center
8da665ad-6f4c-4108-802e-fa0ba52515b5,123,2025-07-04 14:22:56.665581,132.07,Misrata Market
4edc24d8-cbb4-46ea-8390-878dd5cddef9,135,2025-04-13 14:22:56.665589,95.74,Misrata Market
95a8f6c1-f89a-464b-987f-af33908d67a0,270,2025-12-30 14:22:56.665597,113.55,Online App
fcc54312-cb77-42c8-a762-b51aaea753f4,202,2025-06-21 14:22:56.665604,83.76,Online App
14b8809e-fc02-4b74-9e45-1684bd802124,73,2026-01-22 14:22:56.665612,74.67,Tripoli Mall
484eb2d6-6540-4632-b898-ccf5f382c9d6,247,2025-05-07 14:22:56.665619,86.95,Tripoli Mall
e3d57370-4e4d-40f2-bd9e-30183437b90d,225,2025-06-02 14:22:56.665627,166.47,Online App
1e3aa54d-d0e0-40e2-a157-6a48b877609c,98,2026-01-28 14:22:56.665634,54.76,Misrata Market
8153469c-a167-4ef9-aad7-ace57afecd9e,6,2025-10-04 14:22:56.665641,135.84,Online App
434e273c-873c-4db1-acf8-11fb8e80438c,207,2025-06-03 14:22:56.665649,115.93,Benghazi Center
a37acde5-15cd-4086-88eb-d1787e54c200,165,2025-10-09 14:22:56.665657,47.04,Benghazi Center
064c198f-c34a-40a4-bb3b-8c191ef31c66,141,2025-07-24 14:22:56.665677,193.59,Misrata Market
ba780389-e6f2-4500-9c28-0ba6138207f6,213,2025-09-07 14:22:56.665684,129.71,Tripoli Mall
b201a3ca-b4f3-4086-9ed8-deb7a882a7ea,133,2025-06-29 14:22:56.665692,13.1,Benghazi Center
30c22f42-9594-4ca9-a8df-28fda4cabe13,242,2025-11-22 14:22:56.665699,162.47,Online App
8d8b82b7-fd53-4ece-8704-f4d33162b2cf,298,2025-11-21 14:22:56.665707,118.31,Tripoli Mall
4876a60b-ff72-4eb6-97ca-348f02d6429a,195,2025-12-02 14:22:56.665714,19.27,Tripoli Mall
4d72c7e1-4207-4411-be4e-ff63a5e99aad,82,2025-05-21 14:22:56.665721,194.57,Benghazi Center
00215f06-0cc1-4d48-9d18-57393db2b42f,185,2025-09-12 14:22:56.665728,87.2,Benghazi Center
b1c8db65-c5e7-45f8-ba3e-aa260272f382,250,2025-04-30 14:22:56.665736,72.51,Benghazi Center
06a816d1-b47c-447a-8f55-703b5568cc13,110,2026-02-25 14:22:56.665744,124.42,Misrata Market
15b45736-d130-4baa-8e2c-9090b02b7f9d,195,2025-02-28 14:22:56.665752,107.04,Misrata Market
f29ce908-408e-4a0e-85bf-6b03e39be451,210,2025-09-19 14:22:56.665759,173.37,Misrata Market
7fcd6fbd-0c3c-4aa9-a667-5d6d30c4b4c0,292,2025-09-30 14:22:56.665768,84.2,Tripoli Mall
43492023-8b3f-4526-a42d-636307e25857,270,2025-07-28 14:22:56.665775,197.07,Online App
13d2e573-55b8-4d05-a10f-30340e3ca5c5,45,2025-09-17 14:22:56.665783,103.94,Misrata Market
138d667d-a9be-4723-ac13-d809b5104fec,296,2025-09-17 14:22:56.665805,192.31,Tripoli Mall
57f108ab-b08e-4c53-b468-be19dce0ec23,204,2026-02-04 14:22:56.665813,73.4,Online App
2c84b7dd-c587-4a2e-b615-1b6e0a1abbf9,86,2025-12-18 14:22:56.665820,45.11,Misrata Market
ab7d0f2f-f4f7-40f9-8799-3536bad5a86c,146,2026-01-28 14:22:56.665827,162.06,Benghazi Center
9c66b37f-bf8b-4657-a35f-0d3df85d144e,165,2025-12-28 14:22:56.665835,135.97,Misrata Market
d6c7bebc-8ac7-47fc-bc21-626287b6a0cc,79,2026-01-17 14:22:56.665842,17.55,Misrata Market
cb4fe586-7092-416a-aded-3adb0aeffa62,64,2025-04-06 14:22:56.665849,1.46,Tripoli Mall
60d827d3-b9bc-4898-bb60-0a41045f74fc,60,2025-11-24 14:22:56.665856,75.88,Tripoli Mall
70765bbe-a1d3-43b6-b164-1ae9ad986a49,32,2025-09-08 14:22:56.665864,77.6,Misrata Market
e1f67e20-ab65-4e6c-a094-0898ebd5da44,249,2026-01-23 14:22:56.665871,92.34,Online App
aeb33651-471a-4c8f-bd99-3666cc152aa4,218,2025-11-03 14:22:56.665878,160.93,Misrata Market
5f1a74e0-46ae-4667-b7a1-132a0ab6c9c1,122,2025-07-29 14:22:56.665886,145.39,Tripoli Mall
2040fa30-f7fd-4d6c-af9f-df4225d9ee21,227,2025-03-06 14:22:56.665892,168.59,Misrata Market
ec4ef72f-b6a7-4ec7-9f98-8de6aa774725,220,2025-11-24 14:22:56.665899,142.5,Benghazi Center
774f6d89-d2e2-4cd9-adfc-ad7afa747146,278,2026-01-10 14:22:56.665907,190.47,Misrata Market
c641c6e8-36a5-4a07-bb9e-c984e8056e5c,247,2025-08-09 14:22:56.665914,24.04,Misrata Market
73e009c6-fa12-4817-8f22-748092884882,270,2025-11-05 14:22:56.665921,79.97,Online App
95c4a9d3-65c9-418b-88dd-897c8148aded,7,2025-07-03 14:22:56.665928,128.51,Benghazi Center
7aed37f4-0690-4150-975c-796e8fa02b1a,3,2025-12-12 14:22:56.665946,4.11,Tripoli Mall
df18416c-89ae-4d68-b36d-474872f2c020,95,2025-02-28 14:22:56.665953,115.16,Online App
f205a70b-b9ee-4311-8b74-dacc144b7602,270,2025-04-09 14:22:56.665960,41.74,Online App
59aedac5-1c27-4b74-ad1a-50c37f19095b,288,2025-12-30 14:22:56.665967,35.74,Misrata Market
c618f126-e943-4de5-8f02-ff9e0fbb0226,81,2025-12-03 14:22:56.665974,58.53,Misrata Market
38976669-d6e3-47c5-841c-33fa31ef39fb,44,2025-10-26 14:22:56.665982,19.94,Misrata Market
f198ee30-d2d9-437b-9e0a-265bb46384a3,222,2025-11-17 14:22:56.665989,27.08,Misrata Market
5b690f85-d325-4fe8-adbf-7975e0cbe1fc,253,2026-01-11 14:22:56.665996,116.81,Benghazi Center
21189b40-23ad-4a0f-8f80-a27173c054f7,179,2025-08-30 14:22:56.666006,107.87,Online App
8ed519ae-064f-43ad-9482-e3e580a03337,140,2025-09-22 14:22:56.666015,88.66,Misrata Market
44d4f4f2-b104-4d57-afc3-217effe07743,14,2025-06-11 14:22:56.666024,26.56,Benghazi Center
9c07ba56-1e6e-4dd2-b431-ae6d489effe7,265,2025-06-16 14:22:56.666032,114.4,Tripoli Mall
651445c2-6df2-4aed-babe-8aef5b7753f1,175,2025-06-09 14:22:56.666041,127.05,Online App
7f761d0f-ff46-4cd0-b084-c5da91b96586,169,2025-07-03 14:22:56.666048,146.81,Online App
a8161f84-5e63-4eb0-92c8-0842c8da8eb8,277,2026-02-06 14:22:56.666056,36.58,Tripoli Mall
9f5c6f6e-9261-4927-99a5-d35e5d2a5fa2,11,2025-12-27 14:22:56.666063,76.32,Online App
1eb2db89-1eb8-42ba-bc60-9e16f897c604,229,2025-05-26 14:22:56.666070,56.23,Misrata Market
5f674ead-0616-46e7-9d4c-78adff2ee338,285,2025-11-14 14:22:56.666079,178.41,Tripoli Mall
2c4a81c5-0630-447a-b387-9e4a32c9056e,87,2025-08-17 14:22:56.666088,34.27,Tripoli Mall
a37c6b5b-b925-4e29-b6dd-c1cf5a956436,150,2025-09-30 14:22:56.666095,39.27,Benghazi Center
65b3d28e-6296-476d-8174-da89941aafbe,6,2025-09-07 14:22:56.666102,162.81,Misrata Market
391fcc40-86f9-496b-834c-519f083bfd9b,47,2026-01-08 14:22:56.666109,167.01,Misrata Market
83054c5c-1ba3-4bbe-b590-58aa0e33e75d,84,2026-02-23 14:22:56.666117,66.78,Misrata Market
67568a69-017e-4378-b0e1-f5729f7f4452,65,2025-10-25 14:22:56.666124,47.19,Tripoli Mall
b19f7089-2c4b-48f7-9395-45e3bce3d36e,8,2025-11-27 14:22:56.666131,181.95,Benghazi Center
5903c70d-9261-40af-971d-e8502e100ad4,134,2025-12-14 14:22:56.666138,129.53,Online App
f4d5f864-bf12-432b-bf60-ec2e21f4dc4c,280,2025-12-28 14:22:56.666146,141.93,Online App
93e6383f-b981-4403-8624-4aae428d022e,56,2025-06-17 14:22:56.666155,166.01,Benghazi Center
45288c8f-e8f4-4955-ab78-bc326155db16,11,2025-08-30 14:22:56.666163,9.14,Benghazi Center
6921fa9d-f8a8-4424-9eb4-0b529c6ceb54,272,2025-04-30 14:22:56.666171,176.06,Benghazi Center
ecce8d9d-a815-469a-8ef4-6798bbcaf186,63,2025-05-31 14:22:56.666179,82.57,Online App
7fbba177-b24e-455d-be93-a8727d67c41c,225,2025-10-13 14:22:56.666186,29.35,Misrata Market
0b8e4a96-8259-4710-8495-ade5c4d7800e,119,2025-09-22 14:22:56.666194,61.0,Tripoli Mall
d18f0e8a-7951-4d06-adda-46149dd6073a,28,2025-12-12 14:22:56.666201,125.78,Benghazi Center
1defbffb-d6e5-4f20-a82f-b4c96d257e36,237,2025-08-28 14:22:56.666208,1.54,Benghazi Center
a55c52d6-1714-4d19-b93e-7fb56c3c6c33,112,2025-08-17 14:22:56.666215,62.51,Misrata Market
102cf76c-c9b7-4ccb-aba8-49106af47b71,148,2025-06-20 14:22:56.666223,132.0,Benghazi Center
c97371ff-719e-42d1-b966-a1effcf39f12,234,2025-09-04 14:22:56.666230,120.2,Online App
7dd27526-c5c2-4441-8eb4-ee561322587e,24,2025-06-02 14:22:56.666237,10.45,Misrata Market
6f9ef495-8bc7-4607-9565-d1ff4f744ea8,67,2025-05-09 14:22:56.666244,31.76,Misrata Market
9d4cc90c-fa0a-429a-9b5f-ff9021f30254,223,2025-04-20 14:22:56.666258,184.54,Online App
b18854f1-fb7d-46cd-8423-17a90164f95e,209,2025-10-24 14:22:56.666266,47.05,Tripoli Mall
0482fffc-16d2-482c-8b43-3ff73e3b4623,219,2025-03-17 14:22:56.666275,79.7,Tripoli Mall
799ea133-4217-4362-9323-4c9df502de03,56,2026-01-17 14:22:56.666282,199.97,Benghazi Center
41b22aef-a09d-4677-bbfc-c4edaac18cbb,67,2025-08-23 14:22:56.666289,37.77,Misrata Market
32544a27-f4dc-4cfa-a2e7-38697940264e,194,2025-09-24 14:22:56.666297,97.63,Misrata Market
2dd7fde2-f58d-46ab-8bef-22cc1eedf43c,187,2025-03-17 14:22:56.666304,74.62,Misrata Market
20989f20-c00e-43d9-bb35-33120597bcc3,151,2025-12-12 14:22:56.666312,169.29,Benghazi Center
7b0b4906-037b-461e-9df0-dd73f0ee26f1,292,2025-12-16 14:22:56.666319,110.98,Tripoli Mall
bfa69f3a-cd00-4a70-b729-468e6586adb8,212,2025-06-22 14:22:56.666326,112.86,Online App
b00f8153-5b73-41f6-a94a-07c1b6a2269c,131,2025-06-04 14:22:56.666333,100.93,Tripoli Mall
87eedfb2-18b7-4b67-9476-2088e89eae8d,122,2025-07-24 14:22:56.666342,33.16,Misrata Market
d5bd3022-1b2f-49f2-8b7e-c28d98829b75,269,2025-11-07 14:22:56.666350,92.52,Online App
44cafac0-6b0f-458b-8ea9-080ff39cf1ca,222,2025-03-05 14:22:56.666358,40.78,Online App
1c11c3b8-82eb-443b-af4b-dc494569acb4,259,2025-10-03 14:22:56.666366,6.62,Misrata Market
92457db9-f275-4f46-8834-4a1aff8cfea7,229,2025-12-29 14:22:56.666372,176.68,Misrata Market
fef808c3-cf39-4e43-9b15-ba7907e57b9e,102,2025-08-16 14:22:56.666380,163.43,Tripoli Mall
a731b0b9-f204-4102-99a4-4e1228927064,129,2025-06-05 14:22:56.666387,47.18,Benghazi Center
580d0154-5d42-47bc-b207-d4f45d5b370d,78,2025-05-29 14:22:56.666394,113.65,Online App
c5c56f8c-f763-4e03-a385-64ac2299ab12,169,2025-08-26 14:22:56.666401,21.71,Benghazi Center
81e1cbd0-ea40-41ab-96bf-a11a97b2b628,84,2025-07-23 14:22:56.666409,20.02,Misrata Market
a8b51e61-6558-439c-ae7a-1ed9f7450a84,82,2025-10-09 14:22:56.666416,167.57,Misrata Market
d1303c15-c21c-4f5c-8b4a-c761f967115b,195,2025-11-01 14:22:56.666424,148.2,Misrata Market
31435b48-cf97-4e04-b0ed-729df7c8a119,46,2025-03-01 14:22:56.666431,186.08,Online App
26d3da12-345e-44b7-87ea-9076d31bc219,298,2026-01-20 14:22:56.666439,7.11,Benghazi Center
0c5d8fac-93d1-45a3-a1e5-6305b3388c7e,128,2025-12-18 14:22:56.666446,12.64,Tripoli Mall
37198a59-7963-4470-a9e9-71b581c842f0,201,2025-11-05 14:22:56.666453,71.4,Tripoli Mall
